,id,所在地,アクセス,間取り,築年数,方角,面積,所在階,バス・トイレ,キッチン,放送・通信,室内設備,駐車場,周辺環境,建物構造,契約期間,ido,keido,field_height,abs_diff,diff,pred,actual
16519,16521,東京都港区六本木６丁目,日比谷線	六本木駅	徒歩5分		南北線	麻布十番駅	徒歩9分,2LDK,16年4ヶ月,北西,94.09m2,17階／43階建（地下2階）,専用バス／	専用トイレ／	バス・トイレ別／	シャワー,システムキッチン,,床暖房	バルコニー／	フローリング／	室内洗濯機置場／	エレベーター,,,SRC（鉄骨鉄筋コンクリート）,3年間	※この物件は	定期借家	です。,35.660329,139.730276,20.0,380420.9375,380420.9375,499579.06,880000
9007,9009,東京都港区麻布台３丁目4-24,都営大江戸線	麻布十番駅	徒歩7分		南北線	六本木一丁目駅	徒歩8分		日比谷線	神谷町駅	徒歩10分,3LDK+S(納戸),30年5ヶ月,南,223.71m2,3階建,専用バス／	専用トイレ／	バス・トイレ別／	追焚機能／	浴室乾燥機	／	洗面台独立／	脱衣所,ガスコンロ／	コンロ3口／	システムキッチン	／	L字キッチン,,エアコン付	ウォークインクローゼット	シューズボックス／	バルコニー／	フローリング／	室内洗濯機置場	公営水道／	下水／	都市ガス,駐車場	空有	0円	駐輪場	空有	バイク置き場	空有,【スーパー】 538m	【コンビニ】 390m	【コンビニ】 454m	【スーパー】 694m	【郵便局】 722m,木造,3年間	※この物件は	定期借家	です。,35.6603,139.738665,20.7,270984.4375,270984.4375,1029015.56,1300000
17562,17564,東京都港区西麻布３丁目,日比谷線	広尾駅	徒歩8分		日比谷線	六本木駅	徒歩11分		都営大江戸線六本木駅徒歩12分,2LDK,9年0ヶ月,南,133.11m2,16階／19階建,専用バス／	専用トイレ／	バス・トイレ別／	シャワー／	追焚機能／	浴室乾燥機	／	温水洗浄便座／	洗面台独立,IHコンロ	／	システムキッチン	／	給湯,光ファイバー／	CATV,エアコン付／	床暖房	トランクルーム	／	ウォークインクローゼット	シューズボックス／	バルコニー／	フローリング／	室内洗濯機置場／	エレベーター／	オール電化,"駐車場	空有	47,000円(税込)",【公園】 210m,RC（鉄筋コンクリート）,,35.657911999999996,139.725535,27.6,258724.5,-258724.5,1098724.5,840000
21815,21820,東京都渋谷区恵比寿西１丁目,東急東横線	代官山駅	徒歩2分		山手線	恵比寿駅	徒歩11分		日比谷線	中目黒駅	徒歩7分,2LDK,48年2ヶ月,東,134m2,1階／6階建（地下1階）,専用バス／	専用トイレ／	バス・トイレ別／	追焚機能／	浴室乾燥機	／	温水洗浄便座／	洗面台独立／	脱衣所,ガスコンロ／	コンロ3口／	システムキッチン	／	給湯／	独立キッチン,インターネット対応／	CATV／	CSアンテナ／	BSアンテナ,エアコン付／	床暖房	トランクルーム	／	ウォークインクローゼット	シューズボックス／	バルコニー／	フローリング／	24時間換気システム	／	2面採光／	室内洗濯機置場／	敷地内ごみ置き場	／	エレベーター／	タイル張り	公営水道／	下水／	都市ガス,"駐車場	空無	42,000円	(最新の空区画情報はお問い合わせ下さい)",,RC（鉄筋コンクリート）,2年間	※この物件は	定期借家	です。,35.647744,139.705598,31.5,248858.375,-248858.375,848858.4,600000
24004,24009,東京都港区三田４丁目,南北線	白金高輪駅	徒歩10分		都営三田線	白金高輪駅	徒歩10分		山手線	田町(東京都)駅	徒歩13分,3LDK,30年3ヶ月,北西,153.47m2,3階／5階建,専用バス／	専用トイレ／	バス・トイレ別／	追焚機能／	浴室乾燥機	／	温水洗浄便座／	洗面台独立／	脱衣所,ガスコンロ／	コンロ3口／	システムキッチン	／	給湯,インターネット対応／	CATV／	CSアンテナ／	BSアンテナ,エアコン付	シューズボックス／	バルコニー／	フローリング／	24時間換気システム	／	2面採光／	室内洗濯機置場／	敷地内ごみ置き場	公営水道／	下水／	都市ガス,"駐車場	近隣	54,000円	距離136m",,RC（鉄筋コンクリート）,2年間,35.643982,139.739059,15.7,246462.8125,-246462.8125,846462.8,600000
6350,6352,東京都港区南青山４丁目17-35,銀座線	表参道駅	徒歩8分		日比谷線	六本木駅	徒歩19分		千代田線	乃木坂駅	徒歩10分,3LDK,0年6ヶ月,南西,105.46m2,3階／7階建,専用バス／	専用トイレ／	バス・トイレ別／	シャワー／	追焚機能／	浴室乾燥機	／	温水洗浄便座／	洗面台独立／	脱衣所,ガスコンロ／	コンロ3口／	システムキッチン	／	給湯／	独立キッチン,インターネット対応,エアコン付／	床暖房	ウォークインクローゼット	シューズボックス／	バルコニー／	フローリング／	24時間換気システム	／	室内洗濯機置場／	敷地内ごみ置き場	／	エレベーター	公営水道／	下水／	都市ガス,駐車場	無	駐輪場	無	バイク置き場	無,【スーパー】 949m	【スーパー】 838m	【コンビニ】 508m	【コンビニ】 666m,RC（鉄筋コンクリート）,3年間	※この物件は	定期借家	です。,35.664851,139.718008,22.9,245015.875,245015.875,654984.1,900000
1501,1502,東京都港区元麻布３丁目,南北線	麻布十番駅	徒歩9分		都営大江戸線	六本木駅	徒歩9分		東京メトロ日比谷線広尾駅徒歩12分,3LDK,18年6ヶ月,南東,163.62m2,3階／3階建,専用バス／	専用トイレ／	バス・トイレ別／	シャワー／	追焚機能／	浴室乾燥機	／	温水洗浄便座／	洗面台独立,ガスコンロ／	システムキッチン	／	給湯,光ファイバー／	CATV／	CSアンテナ／	BSアンテナ,エアコン付	ウォークインクローゼット	シューズボックス／	バルコニー／	フローリング／	室内洗濯機置場／	エレベーター,"駐車場	空有	57,000円(税込)",,RC（鉄筋コンクリート）,5年間	※この物件は	定期借家	です。,35.656839,139.729908,24.1,229164.4375,229164.4375,970835.56,1200000
8877,8879,東京都港区南青山４丁目,銀座線	表参道駅	徒歩8分		銀座線	外苑前駅	徒歩13分		千代田線	乃木坂駅	徒歩10分,3LDK,0年9ヶ月,南西,105.46m2,3階／7階建,専用バス／	専用トイレ／	バス・トイレ別／	シャワー／	追焚機能／	浴室乾燥機	／	温水洗浄便座／	洗面台独立／	脱衣所,ガスコンロ／	コンロ3口／	システムキッチン	／	給湯／	独立キッチン,インターネット対応／	光ファイバー／	CATV／	CSアンテナ／	BSアンテナ,エアコン付／	床暖房	トランクルーム	／	ウォークインクローゼット	シューズボックス／	バルコニー／	フローリング／	24時間換気システム	／	室内洗濯機置場／	敷地内ごみ置き場	／	エレベーター／	タイル張り	公営水道／	下水／	都市ガス,"駐輪場	空有	バイク置き場	空有	駐車場	近隣	58,000円(税込)	距離200m	(形状(平置))",【スーパー】 644m	【コンビニ】 173m	【コンビニ】 1012m,RC（鉄筋コンクリート）,3年間	※この物件は	定期借家	です。,35.664851,139.718008,22.9,210879.25,210879.25,639120.75,850000
4764,4765,東京都港区南麻布１丁目,南北線	白金高輪駅	徒歩11分		都営大江戸線	麻布十番駅	徒歩12分		日比谷線	広尾駅	徒歩14分,2LDK,9年11ヶ月,北,83.6m2,3階／4階建,バス・トイレ別／	シャワー／	追焚機能／	浴室乾燥機	／	温水洗浄便座／	洗面台独立,ガスコンロ／	コンロ3口／	システムキッチン	／	給湯,CATV／	CSアンテナ／	BSアンテナ,冷房／	エアコン付／	床暖房	トランクルーム	／	ウォークインクローゼット	シューズボックス／	バルコニー／	フローリング／	24時間換気システム	／	室内洗濯機置場／	敷地内ごみ置き場	／	エレベーター／	タイル張り	水道その他／	下水／	都市ガス,駐輪場	空有	バイク置き場	無,【小学校】 350m	【学校】 1400m	【スーパー】 550m	【コンビニ】 450m	【公園】 550m	【公園】 650m,RC（鉄筋コンクリート）,2年間,35.650887,139.734381,6.0,173473.0,173473.0,376527.0,550000
13410,13412,東京都江東区亀戸４丁目,総武線・中央線（各停）	亀戸駅	徒歩12分		半蔵門線	押上駅	徒歩15分		東武亀戸線	小村井駅	徒歩7分,6LDK,21年3ヶ月,,173.66m2,10階／10階建,バス・トイレ別／	追焚機能／	洗面台独立,ガスコンロ／	IHコンロ	／	コンロ3口／	カウンターキッチン	／	給湯,光ファイバー,エアコン付	ウォークインクローゼット	シューズボックス／	バルコニー／	フローリング／	室内洗濯機置場／	エレベーター／	タイル張り	都市ガス,駐輪場	空有	バイク置き場	無,【スーパー】 306m	【スーパー】 352m	【スーパー】 772m	【スーパー】 946m,RC（鉄筋コンクリート）,2年間,35.702829,139.829153,-0.6,167037.28125,167037.28125,282962.72,450000
20081,20083,東京都目黒区洗足２丁目,東急目黒線	洗足駅	徒歩4分		東急目黒線	大岡山駅	徒歩12分		東急大井町線北千束駅徒歩8分,3LDK+S(納戸),5年3ヶ月,南西,169.58m2,2階建,専用バス／	専用トイレ／	バス・トイレ別／	シャワー／	追焚機能／	温水洗浄便座／	洗面台独立,ガスコンロ／	システムキッチン	／	給湯,,床暖房	ウォークインクローゼット	シューズボックス／	バルコニー／	フローリング／	室内洗濯機置場,駐車場	空有,【学校】 390m	【コンビニ】 260m	【スーパー】 235m	【ドラッグストア】 155m	【銀行】 230m,木造,5年間	※この物件は	定期借家	です。,35.610703,139.693728,34.3,157698.3125,157698.3125,592301.7,750000
5599,5600,東京都港区虎ノ門１丁目23-1,銀座線	虎ノ門駅	徒歩5分		日比谷線	神谷町駅	徒歩9分		都営三田線	内幸町駅	徒歩10分,2LDK,5年3ヶ月,西,88.7m2,43階／52階建,専用バス／	専用トイレ／	バス・トイレ別／	シャワー／	追焚機能／	浴室乾燥機	／	温水洗浄便座／	洗面台独立／	脱衣所,ガスコンロ／	コンロ3口／	システムキッチン	／	給湯,インターネット対応／	光ファイバー／	CSアンテナ／	BSアンテナ,エアコン付／	床暖房	トランクルーム	／	ウォークインクローゼット	シューズボックス／	バルコニー／	フローリング／	室内洗濯機置場／	敷地内ごみ置き場	／	エレベーター／	タイル張り	公営水道／	下水／	都市ガス,"駐車場	空有	60,000円(税込)	駐輪場	空有	バイク置き場	無",【スーパー】 600m	【コンビニ】 290m	【コンビニ】 170m,SRC（鉄骨鉄筋コンクリート）,2年間,35.66835800000001,139.74967,5.2,153335.5625,153335.5625,796664.44,950000
22123,22128,東京都千代田区一番町21-3,半蔵門線	半蔵門駅	徒歩1分		有楽町線	麹町駅	徒歩8分		総武線・中央線（各停）	市ケ谷駅	徒歩12分,2LDK+S(納戸),39年10ヶ月,東,101.61m2,2階／8階建,専用バス／	専用トイレ／	バス・トイレ別／	シャワー／	洗面台独立／	脱衣所,システムキッチン	／	給湯／	独立キッチン,インターネット対応,エアコン付	ウォークインクローゼット	シューズボックス／	バルコニー／	室内洗濯機置場／	エレベーター	公営水道／	下水,"駐車場	近隣	47,500円(税込)	距離200m	駐輪場	無	バイク置き場	無",【スーパー】 204m	【スーパー】 443m	【スーパー】 512m	【コンビニ】 137m	【コンビニ】 341m,SRC（鉄骨鉄筋コンクリート）,2年間,35.68735,139.741509,20.6,134241.6875,-134241.6875,492241.7,358000
16364,16366,東京都世田谷区玉川田園調布２丁目,東急東横線	自由が丘駅	徒歩9分		東急目黒線	奥沢駅	徒歩8分		東急東横線	田園調布駅	徒歩12分,4LDK,33年1ヶ月,南東,154.76m2,2階建,専用トイレ／	バス・トイレ別／	シャワー,IHコンロ	／	コンロ2口／	システムキッチン	／	給湯,,エアコン付	ロフト付き／	バルコニー／	フローリング／	室内洗濯機置場／	専用庭,駐車場	空有	0円,,木造,,35.601531,139.66558600000002,40.6,103605.65625,103605.65625,346394.34,450000
5256,5257,東京都港区麻布十番１丁目３－６,南北線	麻布十番駅	徒歩1分		都営大江戸線	赤羽橋駅	徒歩10分		日比谷線	六本木駅	徒歩14分,1LDK,4年1ヶ月,南,44.7m2,6階／9階建,専用バス／	専用トイレ／	バス・トイレ別／	シャワー／	追焚機能／	浴室乾燥機	／	温水洗浄便座／	洗面台独立／	脱衣所,ガスコンロ／	コンロ3口／	システムキッチン,インターネット対応／	高速インターネット,冷房／	エアコン付	シューズボックス／	バルコニー／	フローリング／	24時間換気システム	／	2面採光／	室内洗濯機置場／	敷地内ごみ置き場	／	エレベーター／	タイル張り	公営水道／	下水／	都市ガス,,,RC（鉄筋コンクリート）,,35.656675,139.73509199999998,8.3,102246.0625,102246.0625,237753.94,340000
20750,20754,東京都新宿区新宿６丁目27-29,都営大江戸線	東新宿駅	徒歩2分		副都心線	東新宿駅	徒歩2分		都営新宿線	新宿三丁目駅	徒歩11分,2LDK,7年7ヶ月,東,85.68m2,29階／32階建,専用バス／	専用トイレ／	バス・トイレ別／	シャワー／	追焚機能／	浴室乾燥機	／	温水洗浄便座／	洗面台独立／	脱衣所,ガスコンロ／	コンロ2口／	システムキッチン	／	カウンターキッチン	／	給湯／	独立キッチン,インターネット対応／	光ファイバー／	BSアンテナ,エアコン付／	床暖房	ウォークインクローゼット	シューズボックス／	バルコニー／	フローリング／	室内洗濯機置場／	敷地内ごみ置き場	／	エレベーター／	タイル張り	公営水道／	下水／	都市ガス,駐輪場	空有	バイク置き場	空有	駐車場	無,【スーパー】 92m	【スーパー】 500m	【コンビニ】 428m,RC（鉄筋コンクリート）,2年間	※この物件は	定期借家	です。,35.695364,139.70979499999999,27.5,100013.3125,-100013.3125,590013.3,490000
22730,22735,東京都文京区本郷１丁目,都営三田線	水道橋駅	徒歩3分		総武線・中央線（各停）	水道橋駅	徒歩7分		丸ノ内線(池袋－荻窪)	本郷三丁目駅	徒歩9分,3LDK,13年8ヶ月,南,74.97m2,10階／13階建,専用バス／	専用トイレ／	バス・トイレ別／	追焚機能／	浴室乾燥機	／	脱衣所,ガスコンロ／	コンロ3口／	システムキッチン	／	カウンターキッチン	／	給湯,インターネット対応／	CATV／	CSアンテナ／	BSアンテナ,エアコン付／	床暖房	ウォークインクローゼット	シューズボックス／	バルコニー／	フローリング／	2面採光／	室内洗濯機置場／	敷地内ごみ置き場	公営水道／	下水／	都市ガス,"駐車場	空有	36,000円(税込)	駐輪場	無	バイク置き場	無",【スーパー】 752m	【コンビニ】 675m	【コンビニ】 714m,RC（鉄筋コンクリート）,2年間,35.705017,139.756296,13.3,99939.9375,99939.9375,298060.06,398000
18478,18480,東京都世田谷区玉川田園調布２丁目,東急東横線	自由が丘駅	徒歩9分		東急目黒線	奥沢駅	徒歩8分		東急大井町線	九品仏駅	徒歩11分,4LDK,33年1ヶ月,南,154.76m2,2階建,バス・トイレ別／	シャワー／	追焚機能／	浴室乾燥機	／	温水洗浄便座／	洗面台独立,ガスコンロ／	コンロ3口／	システムキッチン	／	給湯,光ファイバー,冷房／	エアコン付	シューズボックス／	フローリング／	24時間換気システム	／	室内洗濯機置場	水道その他／	下水／	都市ガス,駐車場	空有	駐輪場	空有	バイク置き場	無,【小学校】 120m	【学校】 1400m	【コンビニ】 210m	【スーパー】 290m	【公園】 650m	【郵便局】 650m,軽量鉄骨,2年間,35.601531,139.66558600000002,40.6,92912.6875,92912.6875,357087.3,450000
13382,13384,東京都中央区佃１丁目１１－６,有楽町線	月島駅	徒歩6分		京葉線(東京－蘇我)	越中島駅	徒歩11分		有楽町線	新富町(東京都)駅	徒歩22分,3LDK,30年4ヶ月,西,133.3m2,37階／42階建,専用バス／	専用トイレ／	バス・トイレ別／	シャワー／	追焚機能／	浴室乾燥機	／	温水洗浄便座／	洗面台独立／	脱衣所,ガスコンロ／	コンロ3口／	システムキッチン	／	独立キッチン,インターネット対応／	光ファイバー／	CSアンテナ／	BSアンテナ,冷房／	エアコン付	ウォークインクローゼット	シューズボックス／	出窓／	バルコニー／	フローリング／	24時間換気システム	／	室内洗濯機置場／	敷地内ごみ置き場	／	エレベーター／	タイル張り	公営水道／	下水／	都市ガス,駐輪場	空有,,SRC（鉄骨鉄筋コンクリート）,,35.668867,139.78335,2.3,92469.625,92469.625,482530.38,575000
18962,18964,東京都新宿区西落合３丁目22-10,都営大江戸線	落合南長崎駅	徒歩9分		西武池袋線	東長崎駅	徒歩13分		西武新宿線	新井薬師前駅	徒歩17分,3LDK,10年7ヶ月,南,119m2,1階／2階建,専用バス／	専用トイレ／	バス・トイレ別／	シャワー／	追焚機能／	浴室乾燥機	／	温水洗浄便座／	洗面台独立／	脱衣所,IHコンロ	／	コンロ3口／	システムキッチン	／	カウンターキッチン	／	給湯,CATV,シューズボックス／	バルコニー／	ルーフバルコニー	／	フローリング／	24時間換気システム	／	室内洗濯機置場／	敷地内ごみ置き場	／	オール電化	公営水道／	下水／	都市ガス,駐車場	空有	(屋内、形状(平置)、屋根付)	駐輪場	無	バイク置き場	無,【スーパー】 486m	【コンビニ】 118m	【コンビニ】 387m	【コンビニ】 377m,鉄骨造,,35.724182,139.678924,37.4,91183.5,91183.5,328816.5,420000
26867,26872,東京都渋谷区初台１丁目38-8,京王新線	初台駅	徒歩1分		小田急小田原線	参宮橋駅	徒歩8分		京王線	新宿駅	徒歩15分,2LDK,3年8ヶ月,南東,70.26m2,3階／3階建,専用バス／	専用トイレ／	バス・トイレ別／	シャワー／	追焚機能／	浴室乾燥機	／	温水洗浄便座／	洗面台独立／	脱衣所,ガスコンロ／	コンロ3口／	システムキッチン	／	カウンターキッチン	／	給湯／	独立キッチン,インターネット対応／	光ファイバー,エアコン付	ウォークインクローゼット	シューズボックス／	バルコニー／	フローリング／	3面採光／	室内洗濯機置場／	タイル張り	公営水道／	下水／	都市ガス,"駐車場	近隣	32,400円(税込)	距離350m	駐輪場	無	バイク置き場	無",【コンビニ】 105m	【コンビニ】 211m	【コンビニ】 133m	【コンビニ】 511m	【スーパー】 516m,鉄骨造,2年間,35.679788,139.68628600000002,41.4,90187.15625,-90187.15625,300187.16,210000
20675,20679,東京都目黒区八雲２丁目,東急東横線	都立大学駅	徒歩5分		東急大井町線	自由が丘駅	徒歩16分		東急目黒線	奥沢駅	徒歩20分,3LDK+S(納戸),21年5ヶ月,南東,107.39m2,3階建,バス・トイレ別／	シャワー／	温水洗浄便座／	洗面台独立,システムキッチン	／	給湯／	L字キッチン,BSアンテナ,エアコン付	シューズボックス／	出窓／	バルコニー／	フローリング／	2面採光／	室内洗濯機置場	公営水道／	下水／	都市ガス,駐車場	空有	0円,【スーパー】 396m	【スーパー】 502m	【コンビニ】 117m	【コンビニ】 218m	【ドラッグストア】 482m,木造,2年間,35.618287,139.670026,27.4,89892.890625,89892.890625,260107.11,350000
25547,25552,東京都渋谷区広尾１丁目8-7,山手線	恵比寿駅	徒歩9分		日比谷線	広尾駅	徒歩9分		東急東横線	代官山駅	徒歩17分,1LDK+S(納戸),13年11ヶ月,南,144.35m2,9階／10階建（地下1階）,専用バス／	専用トイレ／	バス・トイレ別／	シャワー／	追焚機能／	浴室乾燥機	／	温水洗浄便座／	洗面台独立,ガスコンロ／	コンロ3口／	システムキッチン	／	カウンターキッチン	／	給湯,インターネット対応／	光ファイバー／	CSアンテナ／	BSアンテナ,エアコン付	シューズボックス／	バルコニー／	ルーフバルコニー	／	フローリング／	室内洗濯機置場／	エレベーター	公営水道／	都市ガス,駐車場	無,,SRC（鉄骨鉄筋コンクリート）,2年間,35.649659,139.713048,17.8,88566.125,-88566.125,1208566.1,1120000
9036,9038,東京都豊島区目白２丁目,山手線	目白駅	徒歩5分		副都心線	雑司が谷駅	徒歩10分		山手線	池袋駅	徒歩10分,1LDK,0年0ヶ月,南,38.27m2,2階／2階建,バス・トイレ別／	シャワー／	追焚機能／	浴室乾燥機	／	温水洗浄便座／	洗面台独立,コンロ2口／	システムキッチン	／	給湯,インターネット対応,エアコン付	シューズボックス／	バルコニー／	フローリング／	室内洗濯機置場	都市ガス,駐輪場	空有(1台)	0円	駐車場	無,【小学校】 313m	【学校】 273m	【幼稚園・保育園】 297m	【郵便局】 720m	【図書館】 431m	【公園】 1326m	【病院】 733m,木造,2年間,35.721718,139.709586,31.7,87910.015625,87910.015625,147089.98,235000
22374,22379,東京都品川区東五反田３丁目,山手線	五反田駅	徒歩7分		山手線	大崎駅	徒歩12分		京浜東北線	品川駅	徒歩16分,4LDK,29年11ヶ月,南西,133.52m2,3階／4階建（地下1階）,バス・トイレ別／	洗面台独立,ガスコンロ／	コンロ3口／	システムキッチン	／	給湯,光ファイバー／	CATV,冷房／	エアコン付	トランクルーム	／	ウォークインクローゼット	シューズボックス／	バルコニー／	フローリング／	室内洗濯機置場／	敷地内ごみ置き場	／	エレベーター／	タイル張り	水道その他／	下水／	都市ガス,駐輪場	空有	バイク置き場	無,【学校】 210m	【スーパー】 150m	【スーパー】 250m	【コンビニ】 180m	【郵便局】 280m	【公園】 550m,RC（鉄筋コンクリート）,2年間,35.62800900000001,139.729323,25.5,87478.25,-87478.25,517478.25,430000
11633,11635,東京都世田谷区上馬１丁目,東急田園都市線	三軒茶屋駅	徒歩8分		東急田園都市線	駒沢大学駅	徒歩12分		東急世田谷線	三軒茶屋駅	徒歩8分,2LDK,35年5ヶ月,,70.61m2,2階／4階建,専用バス／	専用トイレ／	バス・トイレ別／	シャワー／	追焚機能／	温水洗浄便座／	洗面台独立／	脱衣所,IHコンロ	／	コンロ2口／	システムキッチン	／	カウンターキッチン	／	給湯,インターネット対応／	CATV／	BSアンテナ,エアコン付	フローリング／	3面採光／	室内洗濯機置場／	敷地内ごみ置き場	公営水道／	下水／	都市ガス,"駐車場	近隣	30,000円(税込)	距離100m	駐輪場	無	バイク置き場	無",【コンビニ】 34m	【スーパー】 217m	【コンビニ】 257m	【スーパー】 607m	【スーパー】 606m,RC（鉄筋コンクリート）,2年間,35.637149,139.66806,36.0,85600.578125,85600.578125,194399.42,280000
29345,29350,東京都目黒区目黒１丁目,山手線	目黒駅	徒歩7分		東急目黒線	不動前駅	徒歩15分		東急東横線	中目黒駅	徒歩19分,3LDK,11年6ヶ月,南東,84.96m2,6階／25階建,バス・トイレ別／	シャワー／	追焚機能／	浴室乾燥機	／	温水洗浄便座／	洗面台独立,ガスコンロ／	コンロ3口／	システムキッチン	／	給湯,光ファイバー／	CATV／	CSアンテナ／	BSアンテナ,冷房／	エアコン付	シューズボックス／	バルコニー／	フローリング／	24時間換気システム	／	室内洗濯機置場／	敷地内ごみ置き場	／	エレベーター／	タイル張り	水道その他／	下水／	都市ガス,"駐車場	空有	41,040円	駐輪場	空有	バイク置き場	空有",【小学校】 450m	【学校】 800m	【コンビニ】 240m	【スーパー】 400m	【公園】 370m	【郵便局】 330m,RC（鉄筋コンクリート）,2年間,35.636092,139.710938,5.8,85496.5,85496.5,334503.5,420000
17457,17459,東京都千代田区一番町,半蔵門線	半蔵門駅	徒歩2分		有楽町線	麹町駅	徒歩8分		総武線・中央線（各停）	市ケ谷駅	徒歩12分,2LDK+S(納戸),12年6ヶ月,北東,115.83m2,3階／14階建（地下1階）,専用バス／	専用トイレ／	バス・トイレ別／	シャワー／	追焚機能／	浴室乾燥機	／	温水洗浄便座／	洗面台独立／	脱衣所,ガスコンロ／	コンロ3口／	システムキッチン	／	給湯,光ファイバー,冷房／	エアコン付	ウォークインクローゼット	シューズボックス／	バルコニー／	フローリング／	2面採光／	3面採光／	室内洗濯機置場／	敷地内ごみ置き場	／	エレベーター／	タイル張り	公営水道／	下水／	都市ガス,駐輪場	空有,【スーパー】 210m	【スーパー】 813m	【コンビニ】 667m	【コンビニ】 733m	【コンビニ】 1284m	【スーパー】 765m	【デパート】 1260m,RC（鉄筋コンクリート）,2年間,35.68735,139.741509,20.6,83925.3125,83925.3125,566074.7,650000
5774,5775,東京都目黒区五本木２丁目,東急東横線	祐天寺駅	徒歩5分		東急東横線	学芸大学駅	徒歩10分,1DK,11年9ヶ月,南,49.15m2,3階／3階建,専用バス／	専用トイレ／	バス・トイレ別／	シャワー／	追焚機能／	浴室乾燥機	／	温水洗浄便座,システムキッチン	／	給湯,インターネット対応／	CATV,エアコン付	トランクルーム	フローリング／	室内洗濯機置場／	エレベーター	都市ガス,,,RC（鉄筋コンクリート）,,35.634356,139.687424,31.6,82195.6875,82195.6875,177804.31,260000
1712,1713,東京都渋谷区渋谷１丁目19-18,銀座線	表参道駅	徒歩8分		副都心線	渋谷駅	徒歩4分		半蔵門線	渋谷駅	徒歩8分,2LDK,16年3ヶ月,,85.86m2,13階／34階建（地下2階）,,,,,,,SRC（鉄骨鉄筋コンクリート）,2年間,35.661813,139.70429199999998,24.8,81567.03125,81567.03125,433432.97,515000
26148,26153,東京都中央区勝どき６丁目３－2,都営大江戸線	勝どき駅	徒歩5分		有楽町線	月島駅	徒歩14分		日比谷線	築地駅	徒歩21分,3LDK,11年7ヶ月,南東,100.88m2,28階／58階建（地下2階）,専用バス／	専用トイレ／	バス・トイレ別／	シャワー／	追焚機能／	浴室乾燥機	／	洗面台独立／	脱衣所,IHコンロ	／	コンロ3口／	システムキッチン	／	独立キッチン,インターネット対応／	光ファイバー／	CATV,冷房／	エアコン付	シューズボックス／	バルコニー／	フローリング／	24時間換気システム	／	室内洗濯機置場／	敷地内ごみ置き場	／	エレベーター／	タイル張り／	バリアフリー	公営水道／	下水／	都市ガス,,,RC（鉄筋コンクリート）,,35.65477199999999,139.773673,2.2,80187.34375,80187.34375,402812.66,483000
25225,25230,東京都世田谷区祖師谷３丁目19-10,小田急小田原線	祖師ケ谷大蔵駅	徒歩7分		小田急小田原線	成城学園前駅	徒歩10分		小田急小田原線	千歳船橋駅	徒歩25分,3LDK,31年5ヶ月,南,111.3m2,3階／3階建,専用バス／	専用トイレ／	バス・トイレ別／	シャワー／	追焚機能／	浴室乾燥機	／	温水洗浄便座／	洗面台独立／	脱衣所,ガスコンロ／	コンロ3口／	システムキッチン	／	給湯／	独立キッチン,インターネット対応／	高速インターネット／	CATV／	CSアンテナ／	BSアンテナ／	インターネット使用料無料,エアコン付／	床暖房	ウォークインクローゼット	シューズボックス／	出窓／	バルコニー／	フローリング／	2面採光／	室内洗濯機置場／	敷地内ごみ置き場	公営水道／	下水／	都市ガス,"駐車場	空有	32,400円(税込)	駐輪場	空有	バイク置き場	無",【コンビニ】 430m	【スーパー】 416m,RC（鉄筋コンクリート）,2年間,35.643986,139.60554,43.5,78585.84375,78585.84375,261414.16,340000
23807,23812,東京都中央区勝どき６丁目,都営大江戸線	勝どき駅	徒歩5分		有楽町線	月島駅	徒歩13分		山手線東京駅バス20分新島橋下車徒歩1分,3LDK,11年7ヶ月,北西,126.05m2,50階／58階建（地下2階）,専用バス／	専用トイレ／	バス・トイレ別／	シャワー／	追焚機能／	浴室乾燥機	／	温水洗浄便座／	洗面台独立,IHコンロ	／	システムキッチン	／	給湯,光ファイバー／	CATV,エアコン付／	床暖房	ウォークインクローゼット	シューズボックス／	バルコニー／	フローリング／	室内洗濯機置場／	エレベーター／	オール電化,"駐車場	空無	35,000円(税込)",【コンビニ】 90m	【スーパー】 20m	【ドラッグストア】 140m	【公園】 100m,RC（鉄筋コンクリート）,,35.65477199999999,139.773673,2.2,76156.125,76156.125,543843.9,620000
16116,16118,東京都新宿区西新宿６丁目20-7,都営大江戸線	西新宿五丁目駅	徒歩5分		都営大江戸線	都庁前駅	徒歩5分		丸ノ内線(池袋－荻窪)	西新宿駅	徒歩8分,3LDK,11年7ヶ月,北,113m2,42階／44階建,専用バス／	専用トイレ／	バス・トイレ別／	シャワー／	追焚機能／	浴室乾燥機	／	温水洗浄便座／	洗面台独立／	脱衣所,ガスコンロ／	コンロ3口／	システムキッチン	／	給湯／	独立キッチン／	L字キッチン,インターネット対応／	CATV／	CSアンテナ／	BSアンテナ,エアコン付	ウォークインクローゼット	シューズボックス／	バルコニー／	フローリング／	24時間換気システム	／	室内洗濯機置場／	敷地内ごみ置き場	／	エレベーター／	タイル張り	公営水道／	下水／	都市ガス,"駐車場	空有	43,200円(税込)	駐輪場	空有	バイク置き場	無",【スーパー】 339m	【スーパー】 474m	【コンビニ】 312m	【コンビニ】 351m,RC（鉄筋コンクリート）,5年間	※この物件は	定期借家	です。,35.693426,139.690969,37.1,75839.5625,75839.5625,524160.44,600000
20393,20396,東京都品川区西五反田２丁目28-4,山手線	五反田駅	徒歩5分		東急池上線	大崎広小路駅	徒歩4分		東急目黒線	不動前駅	徒歩10分,2LDK,6年4ヶ月,南東,80.02m2,17階／18階建,専用バス／	専用トイレ／	バス・トイレ別／	シャワー／	追焚機能／	浴室乾燥機	／	温水洗浄便座／	洗面台独立／	脱衣所,ガスコンロ／	コンロ3口／	システムキッチン	／	給湯,光ファイバー,冷房／	エアコン付／	床暖房	ウォークインクローゼット	シューズボックス／	バルコニー／	フローリング／	24時間換気システム	／	2面採光／	3面採光／	室内洗濯機置場／	敷地内ごみ置き場	／	エレベーター／	タイル張り	公営水道／	下水／	都市ガス,"駐車場	空有	32,400円	(※サイズ・空き要確認)",【公園】 490m	【デパート】 385m	【スーパー】 312m	【ドラッグストア】 864m	【コンビニ】 68m	【総合病院】 632m	【レンタルビデオ】 5m	【銀行】 274m,RC（鉄筋コンクリート）,3年間	※この物件は	定期借家	です。,35.626368,139.721005,3.3,75497.90625,-75497.90625,397497.9,322000
3303,3304,東京都渋谷区富ヶ谷２丁目,小田急小田原線	代々木八幡駅	徒歩8分		千代田線	代々木公園駅	徒歩10分		京王井の頭線	駒場東大前駅	徒歩18分,4LDK,10年0ヶ月,南西,118.81m2,3階建,専用バス／	専用トイレ／	バス・トイレ別／	シャワー／	洗面台独立／	脱衣所,ガスコンロ／	コンロ3口／	システムキッチン	／	給湯,,エアコン付	シューズボックス／	バルコニー／	フローリング／	2面採光／	3面採光／	室内洗濯機置場	公営水道／	下水／	都市ガス,駐車場	空有	0円,【スーパー】 533m	【郵便局】 570m	【図書館】 344m	【飲食店】 525m	【学校】 1228m	【大学】 1206m	【飲食店】 780m	【飲食店】 1280m,木造,2年間,35.66638837798593,139.6941170590431,31.5,72381.125,-72381.125,402381.12,330000
24051,24056,東京都大田区東雪谷１丁目,東急池上線	洗足池駅	徒歩5分		東急池上線	石川台駅	徒歩8分		東急大井町線	北千束駅	徒歩18分,4LDK,10年4ヶ月,南東,84.34m2,2階建,専用バス／	専用トイレ／	バス・トイレ別／	シャワー／	追焚機能／	浴室乾燥機	／	温水洗浄便座／	洗面台独立,コンロ3口／	システムキッチン	／	給湯,光ファイバー,エアコン付／	床暖房	床下収納	シューズボックス／	フローリング／	室内洗濯機置場	公営水道／	下水／	都市ガス,,,木造,,35.597691,139.689909,23.1,72147.75,72147.75,277852.25,350000
13990,13992,東京都杉並区阿佐谷北２丁目２１－１２,中央線（快速）	阿佐ケ谷駅	徒歩6分		中央線（快速）	荻窪駅	徒歩16分,2DK,25年7ヶ月,西,73m2,2階建,バス・トイレ別／	シャワー,コンロ2口／	システムキッチン	／	給湯,,冷房／	エアコン付	フローリング／	室内洗濯機置場／	専用庭,駐輪場	無	バイク置き場	無,,木造,2年間,35.70648900000001,139.633194,44.5,71849.703125,-71849.703125,179849.7,108000
25896,25901,東京都中央区晴海３丁目13-1,都営大江戸線	勝どき駅	徒歩8分		有楽町線	月島駅	徒歩20分		ゆりかもめ	市場前駅	徒歩20分,2K,3年11ヶ月,北,42.88m2,52階／52階建,専用バス／	専用トイレ／	バス・トイレ別／	シャワー／	温水洗浄便座／	洗面台独立,IHコンロ	／	コンロ2口／	システムキッチン	／	給湯,インターネット対応,エアコン付	ウォークインクローゼット	シューズボックス／	バルコニー／	フローリング／	室内洗濯機置場／	敷地内ごみ置き場	／	エレベーター	公営水道／	下水／	都市ガス,"駐輪場	空有	バイク置き場	空有	駐車場	近隣	43,200円(税込)	距離400m",【スーパー】 900m	【スーパー】 838m	【コンビニ】 879m	【コンビニ】 759m,RC（鉄筋コンクリート）,,35.655037,139.778983,2.7,70944.390625,70944.390625,199055.61,270000
20768,20772,東京都世田谷区八幡山１丁目,京王線	上北沢駅	徒歩10分		京王線	八幡山駅	徒歩14分		小田急小田原線	経堂駅	徒歩22分,3LDK,2年9ヶ月,北西,77.76m2,2階／2階建,専用バス／	専用トイレ／	バス・トイレ別／	シャワー／	追焚機能／	浴室乾燥機	／	温水洗浄便座／	洗面台独立／	脱衣所,ガスコンロ／	コンロ2口／	システムキッチン	／	給湯,光ファイバー,冷房／	エアコン付	シューズボックス／	バルコニー／	フローリング／	2面採光／	室内洗濯機置場	公営水道／	下水／	都市ガス,駐輪場	空有,【スーパー】 495m	【総合病院】 820m	【スーパー】 1007m	【コンビニ】 1093m	【郵便局】 1074m,RC（鉄筋コンクリート）,2年間,35.661883,139.621457,45.3,70611.90625,-70611.90625,227611.9,157000
17153,17155,東京都中央区新川２丁目,京葉線(東京－蘇我)	八丁堀(東京都)駅	徒歩1分		日比谷線	八丁堀(東京都)駅	徒歩4分		山手線東京駅徒歩16分,3LDK,1年11ヶ月,南東,73.3m2,4階／29階建（地下1階）,専用バス／	専用トイレ／	バス・トイレ別／	シャワー／	追焚機能／	浴室乾燥機	／	温水洗浄便座／	洗面台独立,ガスコンロ／	システムキッチン	／	給湯,光ファイバー,エアコン付／	床暖房	トランクルーム	／	ウォークインクローゼット	シューズボックス／	バルコニー／	フローリング／	室内洗濯機置場／	エレベーター,,【小学校】 160m	【コンビニ】 130m	【スーパー】 370m	【ドラッグストア】 590m	【公園】 180m,RC（鉄筋コンクリート）,,35.674363,139.78266399999998,2.4,70235.34375,-70235.34375,390235.34,320000
22,23,東京都中央区佃１丁目,有楽町線	月島駅	徒歩6分		京葉線(東京－蘇我)	越中島駅	徒歩11分		有楽町線	新富町(東京都)駅	徒歩22分,2LDK,30年4ヶ月,北西,81.2m2,10階／42階建,専用バス／	専用トイレ／	バス・トイレ別／	シャワー／	追焚機能／	浴室乾燥機	／	温水洗浄便座／	洗面台独立／	脱衣所,IHコンロ	／	コンロ3口／	システムキッチン	／	独立キッチン,インターネット対応／	光ファイバー／	CSアンテナ／	BSアンテナ,冷房／	エアコン付	シューズボックス／	バルコニー／	24時間換気システム	／	2面採光／	室内洗濯機置場／	敷地内ごみ置き場	／	エレベーター／	タイル張り	公営水道／	下水／	都市ガス,駐輪場	空有,,SRC（鉄骨鉄筋コンクリート）,,35.668867,139.78335,2.3,69795.15625,69795.15625,276204.84,346000
17297,17299,東京都世田谷区東玉川２丁目,東急池上線	雪が谷大塚駅	徒歩8分		東急多摩川線	多摩川駅	徒歩12分		東急池上線	石川台駅	徒歩14分,3LDK,33年7ヶ月,南東,143.53m2,2階建,バス・トイレ別／	シャワー／	追焚機能／	温水洗浄便座／	洗面台独立,ガスコンロ／	コンロ3口／	システムキッチン	／	給湯,光ファイバー／	CATV,冷房／	エアコン付	ウォークインクローゼット	シューズボックス／	バルコニー／	フローリング／	室内洗濯機置場	水道その他／	下水／	都市ガス,駐輪場	空有	バイク置き場	空有,【小学校】 900m	【学校】 1330m	【コンビニ】 150m	【スーパー】 580m	【公園】 520m	【郵便局】 560m,木造,2年間,35.595728,139.674588,25.8,67116.875,-67116.875,355116.88,288000
23763,23768,東京都中央区新川２丁目,日比谷線	八丁堀(東京都)駅	徒歩5分		東西線	茅場町駅	徒歩7分		半蔵門線	水天宮前駅	徒歩13分,1LDK,21年6ヶ月,南東,51.28m2,12階／14階建,バス・トイレ別／	シャワー／	浴室乾燥機	／	温水洗浄便座／	洗面台独立,コンロ3口／	システムキッチン	／	カウンターキッチン	／	給湯,高速インターネット／	光ファイバー,冷房／	エアコン付	シューズボックス／	バルコニー／	フローリング／	室内洗濯機置場／	敷地内ごみ置き場	／	エレベーター／	タイル張り	水道その他／	下水／	都市ガス,駐輪場	空有	バイク置き場	無,【スーパー】 215m	【スーパー】 364m	【スーパー】 345m	【コンビニ】 101m	【コンビニ】 76m	【ドラッグストア】 460m,SRC（鉄骨鉄筋コンクリート）,2年間,35.674363,139.78266399999998,2.4,65645.28125,-65645.28125,205645.28,140000
2257,2258,東京都杉並区久我山４丁目34-8,京王井の頭線	久我山駅	徒歩13分		京王井の頭線	三鷹台駅	徒歩5分		京王井の頭線	井の頭公園駅	徒歩15分,3LDK+S(納戸),30年10ヶ月,東,97.7m2,2階／3階建,専用バス／	専用トイレ／	バス・トイレ別／	シャワー／	追焚機能／	浴室乾燥機	／	温水洗浄便座／	洗面台独立,ガスコンロ／	コンロ3口／	システムキッチン	／	給湯／	独立キッチン,インターネット対応／	光ファイバー／	CATV／	CSアンテナ／	BSアンテナ,エアコン付	シューズボックス／	出窓／	バルコニー／	フローリング／	2面採光／	室内洗濯機置場／	敷地内ごみ置き場	公営水道／	下水／	都市ガス,"駐車場	空有	28,080円(税込)	(形状(平置))	駐輪場	空有	バイク置き場	空有",【スーパー】 547m	【スーパー】 771m	【スーパー】 972m	【コンビニ】 619m	【コンビニ】 1106m	【コンビニ】 421m,SRC（鉄骨鉄筋コンクリート）,,35.691704,139.595886,52.3,65530.5,65530.5,233469.5,299000
2411,2412,東京都渋谷区神宮前３丁目,銀座線	外苑前駅	徒歩7分		半蔵門線	表参道駅	徒歩9分		総武線・中央線（各停）	千駄ケ谷駅	徒歩15分,3LDK,6年4ヶ月,西,76.23m2,8階／20階建（地下1階）,バス・トイレ別／	シャワー／	追焚機能／	浴室乾燥機	／	温水洗浄便座／	洗面台独立,ガスコンロ／	コンロ3口／	システムキッチン	／	給湯,高速インターネット／	光ファイバー／	CATV,冷房／	エアコン付／	床暖房	シューズボックス／	バルコニー／	フローリング／	24時間換気システム	／	室内洗濯機置場／	敷地内ごみ置き場	／	エレベーター／	タイル張り	水道その他／	下水／	都市ガス,駐輪場	空有	バイク置き場	無,【小学校】 750m	【学校】 950m	【スーパー】 400m	【コンビニ】 90m	【郵便局】 500m,RC（鉄筋コンクリート）,2年間,35.670429,139.710341,32.6,64439.84375,64439.84375,395560.16,460000
24153,24158,東京都荒川区西日暮里６丁目,山手線	西日暮里駅	徒歩6分		京成本線	新三河島駅	徒歩7分		山手線	田端駅	徒歩14分,4LDK,16年5ヶ月,東,120m2,5階／6階建,専用バス／	専用トイレ／	バス・トイレ別／	シャワー／	追焚機能／	温水洗浄便座／	洗面台独立,ガスコンロ／	コンロ3口／	システムキッチン	／	給湯,インターネット対応,エアコン付	バルコニー／	フローリング／	室内洗濯機置場／	エレベーター／	タイル張り	公営水道／	都市ガス,駐車場	無,,RC（鉄筋コンクリート）,2年間,35.736171999999996,139.76945600000002,3.8,63864.5,63864.5,286135.5,350000
31111,31116,東京都港区六本木３丁目,都営大江戸線	六本木駅	徒歩3分		南北線	六本木一丁目駅	徒歩7分		千代田線	乃木坂駅	徒歩11分,2LDK,7年9ヶ月,南西,89.32m2,22階／39階建（地下1階）,バス・トイレ別／	シャワー／	追焚機能／	浴室乾燥機	／	温水洗浄便座／	洗面台独立,ガスコンロ／	IHコンロ	／	コンロ3口／	システムキッチン	／	給湯,高速インターネット／	光ファイバー／	CATV,冷房／	エアコン付／	床暖房	ウォークインクローゼット	バルコニー／	フローリング／	24時間換気システム	／	室内洗濯機置場／	敷地内ごみ置き場	／	エレベーター／	タイル張り	水道その他／	下水／	都市ガス,"駐車場	空有	68,250円	駐輪場	空有	バイク置き場	空有",【小学校】 594m	【学校】 688m	【スーパー】 180m	【コンビニ】 190m	【公園】 400m,RC（鉄筋コンクリート）,2年間,35.664291,139.736423,27.0,63480.5625,-63480.5625,661480.56,598000
23913,23918,東京都大田区東雪谷１丁目,東急池上線	洗足池駅	徒歩7分		東急池上線	石川台駅	徒歩8分,4LDK,10年4ヶ月,南,84.34m2,2階建,専用バス／	専用トイレ／	バス・トイレ別／	シャワー／	追焚機能／	浴室乾燥機	／	温水洗浄便座／	洗面台独立,ガスコンロ／	システムキッチン	／	給湯,,エアコン付／	床暖房	床下収納	シューズボックス／	バルコニー／	フローリング／	室内洗濯機置場,駐車場	空有,,木造,,35.597691,139.689909,23.1,62179.21875,62179.21875,287820.78,350000
23433,23438,東京都港区南麻布１丁目11-5,南北線	麻布十番駅	徒歩8分		都営三田線	白金高輪駅	徒歩14分		都営大江戸線	赤羽橋駅	徒歩18分,2LDK,27年10ヶ月,西,86.95m2,3階／6階建,専用バス／	専用トイレ／	シャワー／	浴室乾燥機,ガスコンロ／	コンロ2口／	システムキッチン	／	給湯,インターネット対応／	光ファイバー／	CATV／	CSアンテナ／	BSアンテナ,エアコン付	バルコニー／	フローリング／	24時間換気システム	／	室内洗濯機置場／	敷地内ごみ置き場	／	エレベーター／	タイル張り	公営水道／	下水／	都市ガス,駐車場	無	駐輪場	無	バイク置き場	無,【スーパー】 365m	【コンビニ】 184m,RC（鉄筋コンクリート）,2年間,35.650887,139.734381,6.0,61834.90625,-61834.90625,376834.9,315000
25409,25414,東京都墨田区堤通１丁目,東武スカイツリーライン	東向島駅	徒歩9分		東武スカイツリーライン	鐘ケ淵駅	徒歩15分		京成押上線	京成曳舟駅	徒歩17分,2LDK,25年1ヶ月,南,93.97m2,29階／33階建（地下2階）,専用バス／	バス・トイレ別／	シャワー／	追焚機能／	浴室乾燥機	／	温水洗浄便座／	洗面台独立,ガスコンロ／	コンロ3口／	システムキッチン	／	給湯,光ファイバー／	CATV／	CSアンテナ／	BSアンテナ,エアコン付	シューズボックス／	バルコニー／	フローリング／	24時間換気システム	／	室内洗濯機置場／	敷地内ごみ置き場	／	エレベーター／	タイル張り	公営水道／	下水／	都市ガス,駐車場	無	(機械式	車高1500MM車幅1700ＭＭ車重1600ＧＫまで。),,SRC（鉄骨鉄筋コンクリート）,2年間,35.724803,139.811252,1.2,61260.0,61260.0,223740.0,285000
21363,21368,東京都江東区大島４丁目,都営新宿線	大島(東京都)駅	徒歩6分		総武線・中央線（各停）	亀戸駅	徒歩19分		半蔵門線	住吉(東京都)駅	徒歩20分,4LDK,31年2ヶ月,,91.3m2,9階／9階建,バス・トイレ別／	シャワー／	追焚機能／	洗面台独立,ガスコンロ／	コンロ2口／	給湯,CATV,エアコン付	シューズボックス／	バルコニー／	室内洗濯機置場／	エレベーター／	タイル張り	水道その他／	下水／	都市ガス,"駐車場	空有	27,000円	距離10m	駐輪場	空有	バイク置き場	無",【コンビニ】 1102m	【コンビニ】 491m	【コンビニ】 474m	【コンビニ】 933m	【コンビニ】 402m	【スーパー】 481m,RC（鉄筋コンクリート）,3年間	※この物件は	定期借家	です。,35.687624,139.829499,-0.3,60472.5625,-60472.5625,225472.56,165000
26863,26868,東京都台東区台東１丁目,銀座線	末広町(東京都)駅	徒歩6分		日比谷線	仲御徒町駅	徒歩8分		山手線	御徒町駅	徒歩11分,1LDK,15年4ヶ月,南,104.96m2,10階／11階建,専用バス／	専用トイレ／	バス・トイレ別／	シャワー／	温水洗浄便座／	洗面台独立／	脱衣所,ガスコンロ／	コンロ3口／	システムキッチン	／	カウンターキッチン	／	独立キッチン／	L字キッチン,インターネット対応／	光ファイバー,冷房／	エアコン付	ウォークインクローゼット	シューズボックス／	バルコニー／	フローリング／	24時間換気システム	／	2面採光／	室内洗濯機置場／	エレベーター／	タイル張り	公営水道／	下水／	都市ガス,,,鉄骨造,2年間	※この物件は	定期借家	です。,35.701458,139.778197,2.5,60102.25,60102.25,489897.75,550000
18590,18592,東京都板橋区双葉町,都営三田線	板橋本町駅	徒歩9分		東武東上線	中板橋駅	徒歩8分		都営三田線	板橋区役所前駅	徒歩15分,3DK,新築,,51.51m2,4階／4階建,専用バス／	専用トイレ／	バス・トイレ別／	シャワー／	浴室乾燥機	／	温水洗浄便座／	洗面台独立,IHコンロ	／	コンロ3口／	システムキッチン	／	給湯,インターネット対応,エアコン付	フローリング／	室内洗濯機置場	公営水道／	プロパンガス,駐車場	無,,RC（鉄筋コンクリート）,2年間,35.757975,139.69891299999998,25.3,60015.59375,60015.59375,180984.4,241000
29935,29940,東京都世田谷区上野毛１丁目,東急大井町線	上野毛駅	徒歩3分		東急大井町線	等々力駅	徒歩11分		東急田園都市線	二子玉川駅	徒歩21分,3LDK+S(納戸),30年4ヶ月,南,149.05m2,2階建（地下1階）,バス・トイレ別／	シャワー／	洗面台独立,ガスコンロ／	コンロ3口／	システムキッチン	／	カウンターキッチン	／	給湯,光ファイバー,冷房／	エアコン付	トランクルーム	出窓／	バルコニー／	フローリング	水道その他／	下水／	都市ガス,駐車場	空有	駐輪場	空有	バイク置き場	無,【小学校】 450m	【学校】 1100m	【スーパー】 260m	【スーパー】 700m	【コンビニ】 400m	【郵便局】 750m,木造,2年間,35.61121,139.639622,34.6,59826.9375,59826.9375,290173.06,350000
7741,7743,東京都港区赤坂６丁目5-38,千代田線	赤坂(東京都)駅	徒歩1分		南北線	六本木一丁目駅	徒歩10分		南北線	溜池山王駅	徒歩7分,1LDK,16年5ヶ月,南,41.19m2,3階／8階建（地下1階）,専用バス／	専用トイレ／	バス・トイレ別／	シャワー／	追焚機能／	浴室乾燥機	／	温水洗浄便座／	洗面台独立／	脱衣所,ガスコンロ／	コンロ3口／	システムキッチン	／	給湯,光ファイバー／	CATV,冷房／	エアコン付／	床暖房	ウォークインクローゼット	シューズボックス／	バルコニー／	フローリング／	24時間換気システム	／	2面採光／	室内洗濯機置場／	敷地内ごみ置き場	／	エレベーター／	タイル張り	公営水道／	下水／	都市ガス,,【図書館】 1490m	【公園】 51m	【コンビニ】 123m	【コンビニ】 240m	【コンビニ】 295m	【スーパー】 234m	【スーパー】 250m,RC（鉄筋コンクリート）,5年間	※この物件は	定期借家	です。,35.669375,139.73546000000002,11.1,59471.703125,59471.703125,190528.3,250000
13058,13060,東京都杉並区梅里２丁目,丸ノ内線(池袋－荻窪)	新高円寺駅	徒歩2分		中央線（快速）	高円寺駅	徒歩14分		総武線・中央線（各停）	高円寺駅	徒歩14分,3K,49年7ヶ月,南,78m2,2階建,バス・トイレ別／	温水洗浄便座,コンロ3口／	システムキッチン	／	給湯,,シューズボックス／	バルコニー／	室内洗濯機置場	水道その他／	下水／	都市ガス,駐車場	無	駐輪場	無	バイク置き場	無,【ドラッグストア】 78m	【ドラッグストア】 105m	【スーパー】 124m	【コンビニ】 180m	【コンビニ】 154m	【スーパー】 203m,木造,2年間,35.696379,139.643724,44.3,59261.046875,-59261.046875,197261.05,138000
29107,29112,東京都港区麻布十番１丁目,都営大江戸線	麻布十番駅	徒歩1分		都営大江戸線	赤羽橋駅	徒歩10分		日比谷線	六本木駅	徒歩14分,1LDK,17年5ヶ月,西,68.73m2,8階／8階建,共同バス／	共同トイレ／	バス・トイレ別／	シャワー／	追焚機能／	浴室乾燥機	／	温水洗浄便座／	洗面台独立／	脱衣所,ガスコンロ／	コンロ3口／	システムキッチン	／	給湯,インターネット対応／	光ファイバー／	CATV／	CSアンテナ／	BSアンテナ,エアコン付	ウォークインクローゼット	シューズボックス／	バルコニー／	ルーフバルコニー	／	フローリング／	24時間換気システム	／	室内洗濯機置場／	敷地内ごみ置き場	／	エレベーター／	タイル張り	公営水道／	下水／	都市ガス,"駐輪場	空有	駐車場	近隣	45,000円(税込)	距離200m	バイク置き場	無",【スーパー】 229m	【コンビニ】 81m,RC（鉄筋コンクリート）,2年間,35.656675,139.73509199999998,8.3,59116.53125,-59116.53125,304116.53,245000
1817,1818,東京都大田区北馬込１丁目7-8,東急池上線	旗の台駅	徒歩5分		東急大井町線	旗の台駅	徒歩5分		都営浅草線	馬込駅	徒歩13分,3LDK,27年2ヶ月,南東,61.27m2,2階建,専用バス／	専用トイレ／	バス・トイレ別／	シャワー／	追焚機能／	温水洗浄便座／	洗面台独立／	脱衣所,ガスコンロ／	コンロ3口／	システムキッチン	／	給湯,インターネット対応,エアコン付	シューズボックス／	バルコニー／	フローリング／	室内洗濯機置場	公営水道／	下水／	都市ガス,"駐車場	空有(1台)	27,000円	駐輪場	空有	バイク置き場	無",【コンビニ】 326m	【コンビニ】 246m	【スーパー】 455m	【スーパー】 415m	【スーパー】 360m	【コンビニ】 354m	【ドラッグストア】 509m	【ドラッグストア】 514m,木造,2年間,35.59978800000001,139.705352,30.5,58966.875,58966.875,171033.12,230000
14137,14139,東京都文京区小石川４丁目,丸ノ内線(池袋－荻窪)	茗荷谷駅	徒歩14分,2LDK+S(納戸),4年2ヶ月,南西,95.22m2,3階建,専用バス／	専用トイレ／	バス・トイレ別／	シャワー／	追焚機能／	浴室乾燥機	／	温水洗浄便座／	洗面台独立,ガスコンロ／	システムキッチン	／	給湯,CATV,エアコン付／	床暖房	床下収納	／	ウォークインクローゼット	シューズボックス／	フローリング／	室内洗濯機置場,駐車場	空有,【小学校】 450m	【学校】 410m	【コンビニ】 40m	【スーパー】 110m,木造,,35.714264,139.742684,24.8,58834.875,58834.875,301165.12,360000
7120,7122,東京都目黒区目黒１丁目,山手線	目黒駅	徒歩7分		東急目黒線	不動前駅	徒歩15分		東急東横線	中目黒駅	徒歩19分,3LDK,11年6ヶ月,南西,88.12m2,6階／25階建,バス・トイレ別／	シャワー／	追焚機能／	浴室乾燥機	／	温水洗浄便座／	洗面台独立,ガスコンロ／	コンロ3口／	システムキッチン	／	カウンターキッチン	／	給湯,光ファイバー／	CATV／	CSアンテナ／	BSアンテナ,冷房／	エアコン付	ウォークインクローゼット	シューズボックス／	バルコニー／	フローリング／	24時間換気システム	／	室内洗濯機置場／	敷地内ごみ置き場	／	エレベーター／	タイル張り	水道その他／	下水／	都市ガス,"駐車場	空有	41,040円	駐輪場	空有	バイク置き場	空有",【小学校】 460m	【学校】 750m	【コンビニ】 270m	【スーパー】 400m	【公園】 280m	【ドラッグストア】 180m,RC（鉄筋コンクリート）,2年間,35.636092,139.710938,5.8,58502.28125,58502.28125,380497.72,439000
18472,18474,東京都墨田区堤通１丁目,東武スカイツリーライン	東向島駅	徒歩9分		東武亀戸線	曳舟駅	徒歩12分		京成押上線	京成曳舟駅	徒歩15分,2LDK,25年1ヶ月,南,93.97m2,29階／33階建（地下2階）,バス・トイレ別／	シャワー／	追焚機能／	浴室乾燥機	／	温水洗浄便座／	洗面台独立,ガスコンロ／	コンロ3口／	システムキッチン	／	給湯,高速インターネット／	光ファイバー／	CATV／	CSアンテナ／	BSアンテナ,エアコン付	ウォークインクローゼット	シューズボックス／	バルコニー／	フローリング／	24時間換気システム	／	室内洗濯機置場／	敷地内ごみ置き場	／	エレベーター	水道その他／	都市ガス,駐輪場	空有	バイク置き場	無,【総合病院】 2277m	【スーパー】 635m	【スーパー】 822m	【コンビニ】 125m	【コンビニ】 414m	【ドラッグストア】 692m,SRC（鉄骨鉄筋コンクリート）,2年間,35.724803,139.811252,1.2,56734.9375,56734.9375,228265.06,285000
8835,8837,東京都渋谷区代々木５丁目,小田急小田原線	代々木八幡駅	徒歩6分		千代田線	代々木公園駅	徒歩7分		京王電鉄京王線初台駅徒歩13分,1LDK,50年5ヶ月,南東,61.21m2,1階／5階建,専用バス／	専用トイレ／	バス・トイレ別／	シャワー／	追焚機能／	温水洗浄便座／	洗面台独立,ガスコンロ／	システムキッチン	／	給湯,光ファイバー,エアコン付	シューズボックス／	バルコニー／	フローリング／	室内洗濯機置場,"駐車場	空有	29,000円(税込)",【コンビニ】 160m	【スーパー】 400m,鉄骨造,,35.67374,139.689648,34.7,56569.625,-56569.625,205569.62,149000
13111,13113,東京都中央区新川２丁目１４－２,日比谷線	八丁堀(東京都)駅	徒歩4分,1LDK,21年6ヶ月,南東,51.23m2,12階／14階建,洗面台独立,ガスコンロ／	コンロ3口／	システムキッチン	／	カウンターキッチン,インターネット対応／	光ファイバー／	CSアンテナ／	BSアンテナ,冷房／	エアコン付	シューズボックス／	バルコニー／	フローリング／	24時間換気システム	／	室内洗濯機置場／	敷地内ごみ置き場	／	エレベーター	公営水道／	下水／	都市ガス,駐輪場	空有,,SRC（鉄骨鉄筋コンクリート）,,35.674363,139.78266399999998,2.4,55649.21875,-55649.21875,195649.22,140000
27403,27408,東京都港区赤坂６丁目6-17,千代田線	赤坂(東京都)駅	徒歩6分		銀座線	溜池山王駅	徒歩7分		都営大江戸線	六本木駅	徒歩12分,1LDK,13年6ヶ月,南西,97.28m2,10階／10階建,専用バス／	専用トイレ／	バス・トイレ別／	シャワー／	追焚機能／	浴室乾燥機	／	温水洗浄便座／	洗面台独立／	脱衣所,ガスコンロ／	コンロ3口／	システムキッチン	／	給湯,光ファイバー／	CATV／	CSアンテナ／	BSアンテナ／	インターネット使用料無料,冷房／	エアコン付／	床暖房	ウォークインクローゼット	シューズボックス／	バルコニー／	フローリング／	24時間換気システム	／	2面採光／	室内洗濯機置場／	敷地内ごみ置き場	／	エレベーター	公営水道／	下水／	都市ガス,,【コンビニ】 401m	【コンビニ】 332m	【スーパー】 485m	【スーパー】 395m	【飲食店】 450m	【飲食店】 441m	【飲食店】 221m	【飲食店】 104m	【ドラッグストア】 332m	【ドラッグストア】 330m,RC（鉄筋コンクリート）,2年間,35.669375,139.73546000000002,11.1,55469.625,-55469.625,540469.6,485000
15307,15309,東京都荒川区西日暮里１丁目,山手線	西日暮里駅	徒歩10分		常磐線快速	三河島駅	徒歩6分		京成本線	新三河島駅	徒歩3分,4LDK+S(納戸),21年11ヶ月,北東,107.88m2,9階／9階建,専用バス／	専用トイレ／	バス・トイレ別／	シャワー／	追焚機能／	洗面台独立／	脱衣所,ガスコンロ／	システムキッチン	／	カウンターキッチン	／	給湯／	独立キッチン／	L字キッチン,光ファイバー／	BSアンテナ,冷房／	エアコン付	シューズボックス／	バルコニー／	ルーフバルコニー	／	フローリング／	2面採光／	3面採光／	室内洗濯機置場／	敷地内ごみ置き場	／	エレベーター／	タイル張り	公営水道／	下水／	都市ガス,駐輪場	空有,【スーパー】 251m	【総合病院】 245m	【コンビニ】 514m	【スーパー】 872m	【コンビニ】 627m	【スーパー】 1001m,SRC（鉄骨鉄筋コンクリート）,2年間,35.735165,139.774363,3.2,54888.875,-54888.875,266888.88,212000
14158,14160,東京都港区芝５丁目,都営浅草線	三田(東京都)駅	徒歩3分		南北線	麻布十番駅	徒歩18分		山手線	田町(東京都)駅	徒歩5分,1LDK,4年3ヶ月,北,51.97m2,地下9階／10階建,専用バス／	専用トイレ／	バス・トイレ別／	シャワー／	追焚機能／	浴室乾燥機	／	温水洗浄便座／	洗面台独立,ガスコンロ／	コンロ2口／	システムキッチン	／	給湯,インターネット対応／	光ファイバー／	CATV／	CSアンテナ／	BSアンテナ,エアコン付	ウォークインクローゼット	シューズボックス／	バルコニー／	フローリング／	室内洗濯機置場／	敷地内ごみ置き場	／	エレベーター／	タイル張り	公営水道／	下水／	都市ガス,"駐輪場	空有	駐車場	近隣	40,000円(税込)	距離200m	(屋外)	バイク置き場	無",【スーパー】 96m	【スーパー】 173m	【スーパー】 278m	【スーパー】 266m,RC（鉄筋コンクリート）,2年間,35.64713300000001,139.746672,3.9,53560.015625,-53560.015625,252560.02,199000
20541,20545,東京都足立区足立３丁目,東武スカイツリーライン	五反野駅	徒歩6分		東武スカイツリーライン	小菅駅	徒歩9分		日比谷線	北千住駅	徒歩30分,3LDK,18年3ヶ月,南,80.91m2,4階／4階建,バス・トイレ別／	シャワー／	追焚機能／	浴室乾燥機	／	温水洗浄便座／	洗面台独立,ガスコンロ／	コンロ3口／	システムキッチン	／	カウンターキッチン	／	給湯,光ファイバー／	CATV／	CSアンテナ／	BSアンテナ,エアコン付	シューズボックス／	出窓／	バルコニー／	フローリング／	室内洗濯機置場／	敷地内ごみ置き場	／	エレベーター／	タイル張り	公営水道／	下水／	都市ガス,駐輪場	空有	駐車場	無	バイク置き場	無,【コンビニ】 507m	【スーパー】 407m	【総合病院】 353m	【小学校】 372m	【公園】 499m,RC（鉄筋コンクリート）,2年間,35.763981,139.810429,-0.4,53226.796875,53226.796875,152773.2,206000
258,259,東京都中央区勝どき６丁目,都営大江戸線	勝どき駅	徒歩5分		有楽町線	月島駅	徒歩14分		日比谷線	築地駅	徒歩21分,2LDK,11年7ヶ月,南西,96.34m2,30階／58階建（地下2階）,専用バス／	専用トイレ／	バス・トイレ別／	シャワー／	追焚機能／	浴室乾燥機	／	温水洗浄便座／	洗面台独立／	脱衣所,IHコンロ	／	コンロ3口／	システムキッチン	／	独立キッチン,インターネット対応／	高速インターネット／	光ファイバー／	CATV,冷房／	エアコン付	ウォークインクローゼット	シューズボックス／	バルコニー／	フローリング／	24時間換気システム	／	2面採光／	室内洗濯機置場／	敷地内ごみ置き場	／	エレベーター／	タイル張り／	バリアフリー	公営水道／	下水／	都市ガス,,,RC（鉄筋コンクリート）,,35.65477199999999,139.773673,2.2,52278.96875,52278.96875,415721.03,468000
29372,29377,東京都港区海岸3丁目,ゆりかもめ	芝浦ふ頭駅	徒歩2分		山手線	田町(東京都)駅	徒歩15分		三田線	三田(兵庫県)駅	徒歩19分,2LDK,0年3ヶ月,西,53.46m2,12階／13階建,専用バス／	専用トイレ／	バス・トイレ別／	追焚機能／	浴室乾燥機	／	温水洗浄便座／	洗面台独立,ガスコンロ／	コンロ3口／	システムキッチン	／	給湯,CATV／	CSアンテナ／	BSアンテナ／	インターネット使用料無料,エアコン付	バルコニー／	フローリング／	室内洗濯機置場／	エレベーター	都市ガス,駐車場	無,,RC（鉄筋コンクリート）,2年間,35.65254749531139,139.73947084874843,13.0,52250.28125,-52250.28125,271250.28,219000
23568,23573,東京都文京区本郷４丁目,丸ノ内線(池袋－荻窪)	本郷三丁目駅	徒歩5分		都営三田線	春日(東京都)駅	徒歩8分		南北線	後楽園駅	徒歩11分,3LDK,4年0ヶ月,東,80m2,3階／8階建,バス・トイレ別／	シャワー／	追焚機能／	浴室乾燥機	／	温水洗浄便座／	洗面台独立／	脱衣所,IHコンロ	／	コンロ3口／	システムキッチン,インターネット対応／	光ファイバー,エアコン付／	床暖房	ウォークインクローゼット	シューズボックス／	バルコニー／	フローリング／	2面採光／	室内洗濯機置場／	エレベーター／	オール電化	公営水道／	下水,,【スーパー】 410m	【スーパー】 511m	【コンビニ】 360m	【コンビニ】 145m	【ドラッグストア】 395m,RC（鉄筋コンクリート）,3年間	※この物件は	定期借家	です。,35.709455,139.755239,18.7,52242.3125,-52242.3125,362242.3,310000
3281,3282,東京都杉並区阿佐谷南２丁目21-19,中央線（快速）	阿佐ケ谷駅	徒歩4分		丸ノ内線(池袋－荻窪)	南阿佐ケ谷駅	徒歩10分		中央線（快速）	高円寺駅	徒歩12分,4LDK,10年11ヶ月,南,148.3m2,3階建,専用バス／	専用トイレ／	バス・トイレ別／	シャワー／	浴室乾燥機	／	温水洗浄便座／	洗面台独立／	脱衣所,ガスコンロ／	コンロ3口／	システムキッチン	／	カウンターキッチン	／	給湯／	独立キッチン／	L字キッチン,インターネット対応／	CATV,エアコン付／	床暖房	シューズボックス／	バルコニー／	フローリング／	3面採光／	室内洗濯機置場	公営水道／	下水,駐車場	空有	駐輪場	空有	バイク置き場	空有,【スーパー】 403m	【コンビニ】 83m	【病院】 565m,木造,2年間,35.703409,139.641499,39.4,51004.375,-51004.375,391004.38,340000
6894,6896,東京都杉並区和泉２丁目8-18,京王線	明大前駅	徒歩5分		京王線	代田橋駅	徒歩10分		京王井の頭線	永福町駅	徒歩13分,1R,34年3ヶ月,西,28m2,3階／3階建,専用バス／	専用トイレ／	バス・トイレ別／	シャワー,IHコンロ	／	コンロ1口／	システムキッチン	／	給湯,インターネット対応／	光ファイバー,エアコン付	シューズボックス／	バルコニー／	フローリング／	室外洗濯機置場	公営水道／	下水／	都市ガス,"駐車場	近隣	35,000円(税込)	距離300m	駐輪場	無	バイク置き場	無",【スーパー】 105m	【スーパー】 403m	【スーパー】 702m	【コンビニ】 222m	【コンビニ】 180m	【コンビニ】 645m,鉄骨造,2年間,35.674144,139.651093,42.3,50393.1796875,50393.1796875,79606.82,130000
13163,13165,東京都千代田区神田小川町３丁目,丸ノ内線(池袋－荻窪)	御茶ノ水駅	徒歩3分,1DK,35年8ヶ月,南西,43.67m2,9階／10階建,専用バス／	専用トイレ／	バス・トイレ別／	シャワー／	追焚機能／	洗面台独立／	脱衣所,ガスコンロ／	コンロ3口／	システムキッチン,インターネット対応／	光ファイバー,冷房／	エアコン付	シューズボックス／	バルコニー／	フローリング／	24時間換気システム	／	2面採光／	室内洗濯機置場／	エレベーター	公営水道／	下水／	都市ガス,,,SRC（鉄骨鉄筋コンクリート）,,35.695402,139.762406,7.8,50289.25,50289.25,147860.75,198150
21490,21495,東京都渋谷区恵比寿４丁目16-6,山手線	恵比寿駅	徒歩4分		山手線	目黒駅	徒歩15分		東急東横線	代官山駅	徒歩15分,1LDK,9年8ヶ月,南,64.02m2,5階／9階建,専用バス／	専用トイレ／	バス・トイレ別／	シャワー／	追焚機能／	浴室乾燥機	／	温水洗浄便座／	洗面台独立／	脱衣所,ガスコンロ／	コンロ3口／	システムキッチン	／	給湯／	独立キッチン,インターネット対応／	光ファイバー／	CATV,エアコン付	ウォークインクローゼット	シューズボックス／	バルコニー／	フローリング／	24時間換気システム	／	室内洗濯機置場／	敷地内ごみ置き場	／	エレベーター／	タイル張り	公営水道／	下水／	都市ガス,"駐車場	空有	56,160円(税込)	駐輪場	空有	バイク置き場	無",【コンビニ】 297m	【スーパー】 433m	【総合病院】 473m	【コンビニ】 458m	【コンビニ】 522m,RC（鉄筋コンクリート）,2年間,35.645034,139.71357,27.8,50128.375,50128.375,334871.62,385000
29747,29752,東京都港区港南３丁目,山手線	品川駅	徒歩10分		東京モノレール羽田線	天王洲アイル駅	徒歩16分		都営浅草線	泉岳寺駅	徒歩24分,2LDK+S(納戸),14年5ヶ月,北東,103.54m2,37階／40階建,バス・トイレ別／	シャワー／	洗面台独立／	脱衣所,給湯／	L字キッチン,,シューズボックス／	バルコニー／	室内洗濯機置場／	エレベーター／	タイル張り	公営水道／	下水／	都市ガス,"駐車場	空有	27,000円	駐輪場	空有	100円	バイク置き場	空有	2,000円",【スーパー】 62m	【スーパー】 655m	【コンビニ】 99m	【コンビニ】 281m	【ドラッグストア】 753m,RC（鉄筋コンクリート）,2年間,35.633695,139.750679,3.4,49857.90625,-49857.90625,419857.9,370000
6618,6620,東京都葛飾区亀有５丁目,常磐線	亀有駅	徒歩4分,3LDK,25年5ヶ月,南,113.72m2,3階建,専用バス／	専用トイレ／	バス・トイレ別／	追焚機能／	浴室乾燥機	／	温水洗浄便座／	洗面台独立,コンロ設置可（コンロ3口）／	システムキッチン	／	カウンターキッチン	／	給湯,インターネット対応／	CATV,エアコン付	ウォークインクローゼット	ロフト付き／	バルコニー／	フローリング／	室内洗濯機置場	公営水道／	下水／	都市ガス,,,木造,,35.76764,139.847139,0.6,49707.890625,-49707.890625,184707.89,135000
12173,12175,東京都北区東田端２丁目,山手線	田端駅	徒歩8分		日暮里・舎人ライナー	赤土小学校前駅	徒歩13分		東北本線（宇都宮線）	尾久駅	徒歩15分,3DK,32年7ヶ月,北東,62.8m2,2階建,バス・トイレ別／	追焚機能／	温水洗浄便座／	洗面台独立,ガスコンロ／	コンロ3口／	システムキッチン	／	給湯,インターネット対応,エアコン付	ウォークインクローゼット	シューズボックス／	フローリング／	室内洗濯機置場	公営水道／	下水／	都市ガス,駐輪場	無	バイク置き場	無,【コンビニ】 211m	【コンビニ】 264m	【コンビニ】 312m	【ドラッグストア】 372m	【コンビニ】 504m,木造,2年間,35.74164099999999,139.75940400000002,5.2,49591.65625,49591.65625,150408.34,200000
4505,4506,東京都江東区新大橋３丁目,都営新宿線	森下(東京都)駅	徒歩1分		都営大江戸線	森下(東京都)駅	徒歩1分		都営新宿線	浜町駅	徒歩11分,2DK,28年7ヶ月,南,44.55m2,8階／8階建,専用バス／	バス・トイレ別／	シャワー／	追焚機能／	温水洗浄便座,ガスコンロ／	コンロ2口／	システムキッチン	／	給湯,インターネット対応／	光ファイバー／	CSアンテナ／	BSアンテナ,エアコン付	シューズボックス／	バルコニー／	室内洗濯機置場／	エレベーター,駐輪場	空有	0円	駐車場	無,【小学校】 269m	【学校】 1159m	【幼稚園・保育園】 258m	【郵便局】 285m	【図書館】 1276m	【公園】 1631m	【病院】 1171m,SRC（鉄骨鉄筋コンクリート）,2年間,35.68789500000001,139.795945,1.0,49501.6875,49501.6875,122498.31,172000
18608,18610,東京都世田谷区三軒茶屋１丁目,東急田園都市線	三軒茶屋駅	徒歩5分		東急世田谷線	若林(東京都)駅	徒歩20分		東急田園都市線	駒沢大学駅	徒歩15分,1DK,8年7ヶ月,西,35.32m2,2階／4階建（地下1階）,専用トイレ／	バス・トイレ別／	シャワー／	追焚機能／	浴室乾燥機	／	温水洗浄便座／	洗面台独立,IHコンロ	／	コンロ3口／	システムキッチン	／	給湯,光ファイバー／	CATV／	CSアンテナ／	BSアンテナ,エアコン付	シューズボックス／	フローリング／	24時間換気システム	／	防音室／	地下室／	2面採光／	室内洗濯機置場／	敷地内ごみ置き場	／	エレベーター／	タイル張り,,,RC（鉄筋コンクリート）,,35.641199,139.671487,33.2,49249.1875,49249.1875,143750.81,193000
2795,2796,東京都練馬区三原台１丁目2-4,西武池袋線	石神井公園駅	徒歩12分		西武池袋線	練馬高野台駅	徒歩22分		西武池袋線	大泉学園駅	徒歩25分,2LDK,7年7ヶ月,南,109.3m2,2階建,専用バス／	専用トイレ／	バス・トイレ別／	シャワー／	浴室乾燥機	／	温水洗浄便座／	洗面台独立／	脱衣所,IHコンロ	／	コンロ3口／	システムキッチン	／	カウンターキッチン	／	給湯,インターネット対応,エアコン付／	床暖房	床下収納	／	ウォークインクローゼット	シューズボックス／	バルコニー／	フローリング／	24時間換気システム	／	3面採光／	ペアガラス／	室内洗濯機置場	公営水道／	下水／	都市ガス,駐車場	空有	駐輪場	無	バイク置き場	無,【スーパー】 516m	【スーパー】 537m	【スーパー】 832m	【コンビニ】 264m,木造,5年間	※この物件は	定期借家	です。,35.752814,139.604616,44.2,48929.71875,48929.71875,199070.28,248000
20973,20978,東京都中央区日本橋人形町２丁目,日比谷線	人形町駅	徒歩1分		半蔵門線	水天宮前駅	徒歩6分		都営新宿線	浜町駅	徒歩6分,1LDK,18年11ヶ月,南,46.57m2,10階／12階建,専用バス／	専用トイレ／	バス・トイレ別／	浴室乾燥機	／	温水洗浄便座／	洗面台独立／	脱衣所,ガスコンロ／	コンロ3口／	システムキッチン	／	カウンターキッチン,インターネット対応／	CATV／	CSアンテナ／	BSアンテナ,エアコン付	ウォークインクローゼット	シューズボックス／	バルコニー／	フローリング／	室内洗濯機置場／	敷地内ごみ置き場	／	エレベーター	公営水道／	下水／	都市ガス,"駐車場	近隣	43,200円	距離363m",,SRC（鉄骨鉄筋コンクリート）,2年間,35.686137,139.784749,2.1,48717.890625,48717.890625,211282.11,260000
30723,30728,東京都板橋区清水町38-1,都営三田線	板橋本町駅	徒歩2分		埼京線	十条(東京都)駅	徒歩20分		都営三田線	本蓮沼駅	徒歩10分,3LDK,7年2ヶ月,東,70.53m2,10階／17階建,バス・トイレ別／	シャワー／	追焚機能／	温水洗浄便座／	洗面台独立／	脱衣所,ガスコンロ／	コンロ3口／	システムキッチン	／	カウンターキッチン	／	給湯,,エアコン付／	床暖房	ウォークインクローゼット	シューズボックス／	バルコニー／	フローリング／	室内洗濯機置場／	敷地内ごみ置き場	／	エレベーター／	タイル張り	公営水道／	下水／	都市ガス,駐輪場	空有,【スーパー】 64m	【スーパー】 455m	【コンビニ】 100m	【ドラッグストア】 43m	【病院】 263m	【銀行】 119m,RC（鉄筋コンクリート）,2年間,35.764848,139.706841,23.9,48518.625,48518.625,203481.38,252000
18494,18496,東京都新宿区白銀町２－１４,東西線	神楽坂駅	徒歩5分		都営大江戸線	牛込神楽坂駅	徒歩7分		総武線・中央線（各停）	飯田橋駅	徒歩9分,2LDK,16年6ヶ月,南東,66.74m2,3階／5階建,専用バス／	専用トイレ／	バス・トイレ別／	シャワー／	追焚機能／	浴室乾燥機	／	温水洗浄便座／	洗面台独立／	脱衣所,ガスコンロ／	コンロ3口／	システムキッチン	／	独立キッチン,光ファイバー／	CATV／	CSアンテナ／	BSアンテナ,エアコン付	シューズボックス／	バルコニー／	フローリング／	24時間換気システム	／	室内洗濯機置場／	敷地内ごみ置き場	／	エレベーター	公営水道／	下水／	都市ガス,"駐車場	空有	27,000円	駐輪場	空有",【スーパー】 263m	【スーパー】 536m	【スーパー】 489m	【コンビニ】 679m	【ドラッグストア】 665m	【総合病院】 1226m,RC（鉄筋コンクリート）,3年間	※この物件は	定期借家	です。,35.703842,139.73819699999999,18.9,48424.1875,48424.1875,241575.81,290000
19817,19819,東京都港区西麻布３丁目2-13,日比谷線	六本木駅	徒歩5分		千代田線	乃木坂駅	徒歩11分		日比谷線	広尾駅	徒歩15分,1R,34年3ヶ月,東,36.04m2,9階／10階建,専用バス／	専用トイレ／	シャワー,ガスコンロ／	コンロ4口以上／	システムキッチン	／	給湯／	独立キッチン,インターネット対応／	光ファイバー／	CATV,エアコン付	シューズボックス／	バルコニー／	24時間換気システム	／	室内洗濯機置場／	敷地内ごみ置き場	／	エレベーター	公営水道／	下水／	都市ガス,駐車場	無	駐輪場	無	バイク置き場	無,【スーパー】 254m	【スーパー】 422m	【コンビニ】 292m	【コンビニ】 326m	【病院】 1539m,SRC（鉄骨鉄筋コンクリート）,2年間	※この物件は	定期借家	です。,35.657911999999996,139.725535,27.6,48241.25,48241.25,146758.75,195000
4653,4654,東京都足立区東和２丁目１０－１０,常磐線	亀有駅	徒歩7分,2LDK,27年2ヶ月,南東,80m2,2階／4階建,専用バス／	バス・トイレ別／	シャワー／	追焚機能／	温水洗浄便座／	洗面台独立,ガスコンロ／	コンロ3口／	システムキッチン	／	給湯,インターネット対応,エアコン付	シューズボックス／	バルコニー／	フローリング／	室内洗濯機置場	都市ガス,駐車場	無,,鉄骨造,2年間,35.768813,139.841969,-0.4,48157.796875,48157.796875,141842.2,190000
13257,13259,東京都足立区柳原１丁目,千代田線	北千住駅	徒歩12分		京成本線	京成関屋駅	徒歩7分		東武スカイツリーライン	堀切駅	徒歩7分,1DK,32年4ヶ月,東,39.66m2,2階／2階建,専用トイレ,,,バルコニー,,,木造,,35.745585,139.815065,0.0,47992.203125,-47992.203125,87992.2,40000
19989,19991,東京都江戸川区南小岩１丁目,総武線・中央線（各停）	小岩駅	徒歩21分,6LDK,5年2ヶ月,南西,119.18m2,3階建,専用バス／	専用トイレ／	バス・トイレ別／	シャワー／	追焚機能／	浴室乾燥機	／	温水洗浄便座／	洗面台独立,システムキッチン,,シューズボックス／	フローリング／	3面採光／	室外洗濯機置場	公営水道／	都市ガス,,,軽量鉄骨,,35.72020399999999,139.885199,1.4,47677.234375,47677.234375,202322.77,250000
9224,9226,東京都世田谷区野沢３丁目,東急東横線	学芸大学駅	徒歩11分		東急田園都市線	駒沢大学駅	徒歩20分		東急東横線	都立大学駅	徒歩17分,2LDK,19年8ヶ月,南,59.08m2,3階／6階建,専用トイレ／	バス・トイレ別／	追焚機能／	温水洗浄便座／	洗面台独立,コンロ設置可（コンロ3口）／	システムキッチン	／	カウンターキッチン	／	給湯,インターネット対応／	CATV／	CSアンテナ／	BSアンテナ,エアコン付	シューズボックス／	出窓／	バルコニー／	フローリング／	2面採光／	室内洗濯機置場／	敷地内ごみ置き場	／	エレベーター／	タイル張り,"駐車場	空有	26,000円",,RC（鉄筋コンクリート）,,35.630668,139.67465,37.1,47411.296875,47411.296875,186588.7,234000
3432,3433,東京都豊島区駒込４丁目,山手線	駒込駅	徒歩2分		都営三田線	巣鴨駅	徒歩8分		南北線	西ケ原駅	徒歩19分		東京メトロ南北線　駒込,1DK,0年5ヶ月,南東,37.67m2,1階／3階建,専用バス／	専用トイレ／	バス・トイレ別／	温水洗浄便座／	洗面台独立／	脱衣所,コンロ2口／	システムキッチン,,エアコン付	シューズボックス／	フローリング／	24時間換気システム	／	室内洗濯機置場,駐車場	無,【スーパー】 1684m,木造,,35.73625399999999,139.74169799999999,24.6,46762.640625,46762.640625,141237.36,188000
25639,25644,東京都世田谷区奥沢２丁目,東急大井町線	緑が丘(東京都)駅	徒歩3分		東急目黒線	奥沢駅	徒歩10分		東急目黒線	大岡山駅	徒歩11分,2LDK,31年7ヶ月,南,51.31m2,2階／5階建,専用バス／	専用トイレ／	バス・トイレ別／	シャワー／	追焚機能／	洗面台独立,コンロ2口／	システムキッチン	／	給湯,光ファイバー／	CATV／	CSアンテナ／	BSアンテナ,エアコン付	バルコニー／	フローリング／	室内洗濯機置場／	敷地内ごみ置き場	／	エレベーター／	タイル張り	公営水道／	下水／	都市ガス,,,RC（鉄筋コンクリート）,,35.606097999999996,139.675094,27.6,46282.59375,46282.59375,163717.4,210000
1859,1860,東京都新宿区西五軒町1-4,東西線	神楽坂駅	徒歩5分		有楽町線	江戸川橋駅	徒歩8分		総武線・中央線（各停）	飯田橋駅	徒歩11分,1LDK,0年10ヶ月,東,25.05m2,2階／7階建,専用バス／	専用トイレ／	バス・トイレ別／	シャワー／	追焚機能／	浴室乾燥機	／	温水洗浄便座／	洗面台独立／	脱衣所,ガスコンロ／	コンロ2口／	システムキッチン	／	カウンターキッチン	／	給湯,インターネット対応／	CATV／	CSアンテナ／	BSアンテナ／	インターネット使用料無料,エアコン付	シューズボックス／	バルコニー／	フローリング／	24時間換気システム	／	室内洗濯機置場／	エレベーター	公営水道／	下水／	都市ガス,"駐輪場	空有	バイク置き場	空有	駐車場	近隣	50,000円(税込)	距離400m",【スーパー】 225m	【スーパー】 442m	【コンビニ】 297m	【コンビニ】 367m	【コンビニ】 481m,RC（鉄筋コンクリート）,2年間,35.706956,139.73752199999998,5.3,46234.75,46234.75,172765.25,219000
15800,15802,東京都世田谷区代沢５丁目８－１３,小田急小田原線	下北沢駅	徒歩6分		京王井の頭線	下北沢駅	徒歩6分		京王井の頭線	池ノ上駅	徒歩9分,1LDK,6年2ヶ月,東,51.55m2,6階／6階建,バス・トイレ別／	シャワー／	追焚機能／	浴室乾燥機	／	温水洗浄便座／	洗面台独立,ガスコンロ／	コンロ2口／	システムキッチン	／	給湯,インターネット対応／	高速インターネット／	CATV／	CSアンテナ／	BSアンテナ／	インターネット使用料無料,エアコン付	シューズボックス／	バルコニー／	フローリング／	室内洗濯機置場／	エレベーター／	タイル張り	公営水道／	下水／	都市ガス,駐車場	無	駐輪場	無	バイク置き場	無,【コンビニ】 140m	【コンビニ】 199m	【スーパー】 402m	【スーパー】 553m	【郵便局】 170m,RC（鉄筋コンクリート）,2年間,35.657128,139.66640900000002,30.9,46062.703125,46062.703125,198937.3,245000
20739,20743,東京都江戸川区中葛西３丁目12-2,東西線	葛西駅	徒歩8分		東西線	西葛西駅	徒歩15分		都営新宿線	船堀駅	/バス(14分)葛西区民館前下車徒歩4分,1K,6年0ヶ月,西,26.74m2,3階／3階建,専用バス／	専用トイレ／	バス・トイレ別／	シャワー／	追焚機能／	浴室乾燥機	／	温水洗浄便座／	洗面台独立／	脱衣所,ガスコンロ／	コンロ2口／	システムキッチン	／	給湯,インターネット対応／	CATV／	BSアンテナ,エアコン付	シューズボックス／	バルコニー／	フローリング／	室内洗濯機置場	公営水道／	下水／	都市ガス,"駐輪場	空有	駐車場	近隣	21,600円(税込)	距離320m	バイク置き場	無",【スーパー】 437m	【スーパー】 497m	【スーパー】 442m	【コンビニ】 226m,木造,2年間,35.665844,139.870654,-0.6,45428.8671875,45428.8671875,79571.13,125000
8302,8304,東京都杉並区久我山４丁目34-8,京王井の頭線	久我山駅	徒歩13分		京王井の頭線	三鷹台駅	徒歩5分		京王井の頭線	井の頭公園駅	徒歩15分,3LDK+S(納戸),30年11ヶ月,東,97.7m2,2階／3階建,専用バス／	専用トイレ／	バス・トイレ別／	シャワー／	追焚機能／	浴室乾燥機	／	温水洗浄便座／	洗面台独立,ガスコンロ／	コンロ3口／	システムキッチン	／	給湯／	独立キッチン,インターネット対応／	光ファイバー／	CATV／	CSアンテナ／	BSアンテナ,エアコン付	シューズボックス／	出窓／	バルコニー／	フローリング／	3面採光／	室内洗濯機置場／	敷地内ごみ置き場	公営水道／	下水／	都市ガス,"駐車場	空有	28,080円(税込)	(形状(平置))	駐輪場	空有	バイク置き場	空有",【スーパー】 547m	【スーパー】 771m	【スーパー】 972m	【コンビニ】 619m	【コンビニ】 1106m	【コンビニ】 421m,RC（鉄筋コンクリート）,,35.691704,139.595886,52.3,45378.265625,45378.265625,253621.73,299000
21553,21558,東京都世田谷区野沢３丁目,東急東横線	学芸大学駅	徒歩11分		東急田園都市線	駒沢大学駅	徒歩19分		東急東横線	都立大学駅	徒歩19分,2LDK,19年8ヶ月,南,59.08m2,3階／6階建,バス・トイレ別／	シャワー／	追焚機能／	温水洗浄便座／	洗面台独立,ガスコンロ／	コンロ3口／	システムキッチン	／	カウンターキッチン	／	給湯,光ファイバー／	CSアンテナ／	BSアンテナ,冷房／	エアコン付	シューズボックス／	バルコニー／	フローリング／	24時間換気システム	／	室内洗濯機置場／	敷地内ごみ置き場	／	エレベーター／	タイル張り	水道その他／	下水／	都市ガス,駐輪場	空有	バイク置き場	空有,【小学校】 650m	【学校】 1400m	【コンビニ】 400m	【スーパー】 240m	【公園】 120m	【ドラッグストア】 170m,RC（鉄筋コンクリート）,2年間,35.630668,139.67465,37.1,45317.890625,45317.890625,188682.11,234000
26614,26619,東京都世田谷区大原１丁目32-18,小田急小田原線	下北沢駅	徒歩10分		京王線	笹塚駅	徒歩6分		京王線	代田橋駅	徒歩10分,2LDK,0年9ヶ月,南,50.24m2,4階／5階建,専用バス／	専用トイレ／	バス・トイレ別／	シャワー／	浴室乾燥機	／	温水洗浄便座／	洗面台独立,ガスコンロ／	コンロ3口／	システムキッチン	／	給湯,インターネット対応,エアコン付	シューズボックス／	バルコニー／	フローリング／	室内洗濯機置場／	敷地内ごみ置き場	公営水道／	下水／	都市ガス,駐輪場	空有	駐車場	無	バイク置き場	無,【スーパー】 629m	【コンビニ】 543m	【コンビニ】 533m,RC（鉄筋コンクリート）,2年間,35.668848,139.663756,43.7,44761.359375,44761.359375,195318.64,240080
5728,5729,東京都豊島区千川２丁目３０－９,有楽町線	千川駅	徒歩8分		東武東上線	大山(東京都)駅	徒歩18分		西武池袋線	東長崎駅	徒歩22分,3LDK,7年8ヶ月,南東,75.6m2,2階／3階建,専用バス／	専用トイレ／	バス・トイレ別／	シャワー／	浴室乾燥機	／	温水洗浄便座／	洗面台独立／	脱衣所,ガスコンロ／	コンロ3口／	システムキッチン,光ファイバー／	CATV／	CSアンテナ／	BSアンテナ,エアコン付／	床暖房	ウォークインクローゼット	シューズボックス／	バルコニー／	フローリング／	24時間換気システム	／	室内洗濯機置場／	敷地内ごみ置き場	／	エレベーター	公営水道／	下水,"駐車場	近隣	25,000円	距離200m",【スーパー】 503m	【スーパー】 654m	【スーパー】 835m	【コンビニ】 508m	【コンビニ】 506m	【コンビニ】 667m	【総合病院】 1109m	【総合病院】 1055m	【郵便局】 1101m,RC（鉄筋コンクリート）,3年間	※この物件は	定期借家	です。,35.741553,139.692297,35.8,44692.140625,44692.140625,205307.86,250000
26051,26056,東京都新宿区新小川町,総武線・中央線（各停）	飯田橋駅	徒歩5分		丸ノ内線(池袋－荻窪)	後楽園駅	徒歩12分		東西線	神楽坂駅	徒歩12分,1LDK,1年1ヶ月,北,63.96m2,8階／10階建,専用バス／	専用トイレ／	バス・トイレ別／	追焚機能／	浴室乾燥機	／	温水洗浄便座／	洗面台独立／	脱衣所,ガスコンロ／	コンロ2口／	システムキッチン	／	独立キッチン,インターネット対応／	CATV／	CSアンテナ／	BSアンテナ,エアコン付	シューズボックス／	バルコニー／	フローリング／	24時間換気システム	／	室内洗濯機置場／	エレベーター	公営水道／	下水／	都市ガス,"駐車場	近隣	48,600円	距離200m",,RC（鉄筋コンクリート）,2年間,35.70623900000001,139.742185,4.7,44636.21875,44636.21875,270363.78,315000
30281,30286,東京都足立区足立３丁目,東武スカイツリーライン	五反野駅	徒歩6分		常磐線	綾瀬駅	徒歩20分		つくばエクスプレス	青井駅	徒歩23分,3LDK,18年3ヶ月,南,80.91m2,4階／4階建,専用バス／	専用トイレ／	バス・トイレ別／	シャワー／	追焚機能／	浴室乾燥機	／	温水洗浄便座／	洗面台独立／	脱衣所,ガスコンロ／	コンロ3口／	システムキッチン	／	カウンターキッチン	／	給湯,高速インターネット／	CATV／	CSアンテナ／	BSアンテナ,冷房／	エアコン付	シューズボックス／	バルコニー／	2面採光／	室内洗濯機置場／	エレベーター	公営水道／	下水／	都市ガス,駐輪場	空有,【コンビニ】 820m	【図書館】 1291m	【スーパー】 1241m	【コンビニ】 1325m	【スーパー】 2221m	【スーパー】 1617m,RC（鉄筋コンクリート）,2年間,35.763981,139.810429,-0.4,44447.90625,44447.90625,154552.1,199000
