,id,所在地,アクセス,間取り,築年数,方角,面積,所在階,バス・トイレ,キッチン,放送・通信,室内設備,駐車場,周辺環境,建物構造,契約期間,賃料,diff
21737,21738,東京都豊島区上池袋１丁目14-1,山手線	池袋駅	徒歩12分		東武東上線	北池袋駅	徒歩11分		山手線	大塚(東京都)駅	徒歩14分,1R,26年7ヶ月,,18.56m2,3階／3階建,専用バス／	専用トイレ／	シャワー,電気コンロ／	コンロ1口／	給湯,,エアコン付	出窓／	フローリング／	室内洗濯機置場	公営水道／	下水／	都市ガス,駐車場	無	駐輪場	無	バイク置き場	無,【スーパー】 265m	【スーパー】 273m	【コンビニ】 203m	【コンビニ】 301m	【病院】 332m,鉄骨造,2年間,157000,86043.9140625
13785,13786,東京都北区田端１丁目,山手線	田端駅	徒歩6分		京浜東北線	西日暮里駅	徒歩10分		山手線	駒込駅	徒歩13分,1K,8年1ヶ月,,22.54m2,10階／11階建,専用バス／	専用トイレ／	バス・トイレ別／	シャワー／	浴室乾燥機	／	温水洗浄便座／	洗面台独立／	脱衣所,ガスコンロ／	コンロ2口／	システムキッチン	／	独立キッチン,インターネット対応／	光ファイバー／	CATV／	CSアンテナ／	BSアンテナ,エアコン付	シューズボックス／	バルコニー／	フローリング／	24時間換気システム	／	2面採光／	室内洗濯機置場／	敷地内ごみ置き場	／	エレベーター	公営水道／	下水／	都市ガス,駐輪場	空有	駐車場	無	バイク置き場	無,【スーパー】 148m	【スーパー】 428m	【コンビニ】 363m	【コンビニ】 540m	【コンビニ】 654m,RC（鉄筋コンクリート）,,174500,70675.03125
5311,5312,東京都練馬区下石神井６丁目28-2,西武池袋線	石神井公園駅	徒歩13分		西武池袋線	練馬高野台駅	徒歩19分		西武新宿線	上井草駅	徒歩17分,2LDK,7年10ヶ月,南,67.5m2,2階建,専用バス／	専用トイレ／	シャワー／	追焚機能／	温水洗浄便座／	脱衣所,IHコンロ	／	コンロ2口／	システムキッチン	／	給湯,インターネット対応／	CATV,エアコン付	フローリング／	3面採光／	室内洗濯機置場／	敷地内ごみ置き場	公営水道／	下水／	都市ガス,"駐車場	空有	10,000円(税込)	(屋根付)	駐輪場	無	バイク置き場	無",【スーパー】 1040m	【スーパー】 1040m,鉄骨造,2年間,215000,70660.765625
5256,5257,東京都港区麻布十番１丁目３－６,南北線	麻布十番駅	徒歩1分		都営大江戸線	赤羽橋駅	徒歩10分		日比谷線	六本木駅	徒歩14分,1LDK,4年1ヶ月,南,44.7m2,6階／9階建,専用バス／	専用トイレ／	バス・トイレ別／	シャワー／	追焚機能／	浴室乾燥機	／	温水洗浄便座／	洗面台独立／	脱衣所,ガスコンロ／	コンロ3口／	システムキッチン,インターネット対応／	高速インターネット,冷房／	エアコン付	シューズボックス／	バルコニー／	フローリング／	24時間換気システム	／	2面採光／	室内洗濯機置場／	敷地内ごみ置き場	／	エレベーター／	タイル張り	公営水道／	下水／	都市ガス,,,RC（鉄筋コンクリート）,,340000,70564.78125
24184,24185,東京都大田区中馬込１丁目,都営浅草線	馬込駅	徒歩5分		都営浅草線	西馬込駅	徒歩11分		東急大井町線	荏原町駅	徒歩11分,1K,18年1ヶ月,南,19.08m2,4階／5階建,専用バス／	専用トイレ／	バス・トイレ別,ガスコンロ／	コンロ2口／	システムキッチン	／	給湯,インターネット対応／	高速インターネット／	光ファイバー／	CATV／	CSアンテナ／	BSアンテナ,冷房／	エアコン付	シューズボックス／	バルコニー／	フローリング／	24時間換気システム	／	室内洗濯機置場／	敷地内ごみ置き場	／	エレベーター／	タイル張り	公営水道／	下水／	都市ガス,"駐車場	近隣	30,000円	距離400m",【スーパー】 632m	【コンビニ】 201m	【コンビニ】 505m	【コンビニ】 633m	【ドラッグストア】 663m,RC（鉄筋コンクリート）,,154000,70498.53125
30984,30985,東京都新宿区新宿６丁目27-29,都営大江戸線	東新宿駅	徒歩2分		副都心線	東新宿駅	徒歩2分		都営新宿線	新宿三丁目駅	徒歩11分,1LDK,7年7ヶ月,西,71.99m2,5階／32階建,専用バス／	専用トイレ／	バス・トイレ別／	シャワー／	追焚機能／	浴室乾燥機	／	温水洗浄便座／	洗面台独立／	脱衣所,ガスコンロ／	コンロ3口／	システムキッチン	／	給湯／	独立キッチン,インターネット対応／	光ファイバー,エアコン付	シューズボックス／	バルコニー／	フローリング／	室内洗濯機置場／	敷地内ごみ置き場	／	エレベーター／	タイル張り	公営水道／	下水／	都市ガス,駐輪場	空有	バイク置き場	空有	駐車場	無,【スーパー】 500m	【幼稚園・保育園】 333m	【小学校】 336m	【コンビニ】 196m,RC（鉄筋コンクリート）,2年間	※この物件は	定期借家	です。,410000,62698.90625
23316,23317,東京都世田谷区代田５丁目,京王井の頭線	下北沢駅	徒歩2分		京王井の頭線	新代田駅	徒歩8分		小田急小田原線	世田谷代田駅	徒歩9分,2DK,40年6ヶ月,東,44.4m2,2階／3階建,専用バス／	専用トイレ／	バス・トイレ別,ガスコンロ／	コンロ3口,インターネット対応,エアコン付	公営水道／	下水／	都市ガス,駐車場	無	駐輪場	無	バイク置き場	無,【スーパー】 39m	【スーパー】 39m	【スーパー】 122m	【コンビニ】 60m	【コンビニ】 266m	【コンビニ】 407m,RC（鉄筋コンクリート）,2年間,210000,60362.25
9037,9038,東京都豊島区目白２丁目,山手線	目白駅	徒歩5分		副都心線	雑司が谷駅	徒歩10分		山手線	池袋駅	徒歩10分,1LDK,0年0ヶ月,南,38.27m2,2階／2階建,バス・トイレ別／	シャワー／	追焚機能／	浴室乾燥機	／	温水洗浄便座／	洗面台独立,コンロ2口／	システムキッチン	／	給湯,インターネット対応,エアコン付	シューズボックス／	バルコニー／	フローリング／	室内洗濯機置場	都市ガス,駐輪場	空有(1台)	0円	駐車場	無,【小学校】 313m	【学校】 273m	【幼稚園・保育園】 297m	【郵便局】 720m	【図書館】 431m	【公園】 1326m	【病院】 733m,木造,2年間,235000,58364.71875
4976,4977,東京都中央区銀座８丁目15-5,都営大江戸線	築地市場駅	徒歩7分		山手線	新橋駅	徒歩5分		日比谷線	東銀座駅	徒歩8分,1LDK,8年4ヶ月,北西,45.25m2,5階／5階建,専用バス／	専用トイレ／	バス・トイレ別／	シャワー／	追焚機能／	温水洗浄便座／	洗面台独立／	脱衣所,IHコンロ	／	コンロ2口／	システムキッチン	／	給湯／	独立キッチン,インターネット対応／	光ファイバー,エアコン付	シューズボックス／	バルコニー／	フローリング／	24時間換気システム	／	室内洗濯機置場／	エレベーター／	タイル張り	公営水道／	下水／	都市ガス,"駐車場	近隣	54,000円(税込)	距離300m	駐輪場	無	バイク置き場	無",【コンビニ】 49m	【コンビニ】 155m,鉄骨造,2年間,243000,57271.546875
30701,30702,東京都目黒区三田２丁目18-18,山手線	目黒駅	徒歩10分		山手線	恵比寿駅	徒歩15分		東急目黒線	目黒駅	徒歩11分,3LDK,34年5ヶ月,,99.43m2,2階建,専用バス／	専用トイレ／	バス・トイレ別／	シャワー／	温水洗浄便座／	洗面台独立／	脱衣所,ガスコンロ／	システムキッチン	／	給湯,,エアコン付	シューズボックス／	フローリング／	室内洗濯機置場／	専用庭	公営水道／	下水／	都市ガス,駐車場	空有	(屋根付)	駐輪場	空有	バイク置き場	無,【スーパー】 546m,鉄骨造,,438000,57267.96875
4836,4837,東京都豊島区高田２丁目,副都心線	雑司が谷駅	徒歩7分		山手線	目白駅	徒歩15分		都電荒川線	学習院下駅	徒歩2分,2LDK,20年7ヶ月,西,66m2,3階／10階建（地下1階）,専用バス／	専用トイレ／	バス・トイレ別／	シャワー／	洗面台独立,ガスコンロ／	コンロ3口／	システムキッチン	／	給湯,,エアコン付	バルコニー／	フローリング／	室内洗濯機置場	公営水道／	都市ガス,駐車場	無,,RC（鉄筋コンクリート）,2年間,245000,54318.78125
17099,17100,東京都港区浜松町１丁目,都営浅草線	大門(東京都)駅	徒歩5分		都営大江戸線	汐留駅	徒歩6分		山手線	浜松町駅	徒歩5分,2LDK,0年6ヶ月,西,58.01m2,19階／37階建,専用バス／	専用トイレ／	バス・トイレ別／	シャワー／	追焚機能／	浴室乾燥機	／	温水洗浄便座／	洗面台独立／	脱衣所,ガスコンロ／	コンロ3口／	システムキッチン	／	給湯,インターネット対応／	CATV／	CSアンテナ／	BSアンテナ,エアコン付／	床暖房	ウォークインクローゼット	シューズボックス／	バルコニー／	フローリング／	24時間換気システム	／	室内洗濯機置場／	敷地内ごみ置き場	／	エレベーター／	タイル張り	公営水道／	下水／	都市ガス,"駐車場	空有	54,000円(税込)	駐輪場	空有	バイク置き場	空有",【スーパー】 377m	【スーパー】 491m	【スーパー】 1117m,RC（鉄筋コンクリート）,2年間,395000,53883.9375
11634,11635,東京都世田谷区上馬１丁目,東急田園都市線	三軒茶屋駅	徒歩8分		東急田園都市線	駒沢大学駅	徒歩12分		東急世田谷線	三軒茶屋駅	徒歩8分,2LDK,35年5ヶ月,,70.61m2,2階／4階建,専用バス／	専用トイレ／	バス・トイレ別／	シャワー／	追焚機能／	温水洗浄便座／	洗面台独立／	脱衣所,IHコンロ	／	コンロ2口／	システムキッチン	／	カウンターキッチン	／	給湯,インターネット対応／	CATV／	BSアンテナ,エアコン付	フローリング／	3面採光／	室内洗濯機置場／	敷地内ごみ置き場	公営水道／	下水／	都市ガス,"駐車場	近隣	30,000円(税込)	距離100m	駐輪場	無	バイク置き場	無",【コンビニ】 34m	【スーパー】 217m	【コンビニ】 257m	【スーパー】 607m	【スーパー】 606m,RC（鉄筋コンクリート）,2年間,280000,53546.234375
188,189,東京都港区白金台４丁目5-7,南北線	白金台駅	徒歩1分		南北線	白金高輪駅	徒歩13分		都営浅草線	高輪台駅	徒歩14分,1LDK,33年7ヶ月,北東,42.34m2,4階／4階建,専用バス／	専用トイレ／	バス・トイレ別／	シャワー／	温水洗浄便座／	洗面台独立／	脱衣所,ガスコンロ／	コンロ3口／	システムキッチン	／	給湯,インターネット対応／	光ファイバー／	CSアンテナ／	BSアンテナ,エアコン付／	床暖房	トランクルーム	シューズボックス／	バルコニー／	フローリング／	3面採光／	室内洗濯機置場／	エレベーター／	タイル張り	公営水道／	下水／	都市ガス,"駐車場	近隣	38,000円(税込)	距離200m	(礼金あり	1ヶ月、敷金あり	1ヶ月)	駐輪場	無	バイク置き場	無",【スーパー】 186m	【スーパー】 492m	【スーパー】 716m	【コンビニ】 415m	【コンビニ】 563m	【コンビニ】 611m,RC（鉄筋コンクリート）,2年間,280000,53390.125
4764,4765,東京都港区南麻布１丁目,南北線	白金高輪駅	徒歩11分		都営大江戸線	麻布十番駅	徒歩12分		日比谷線	広尾駅	徒歩14分,2LDK,9年11ヶ月,北,83.6m2,3階／4階建,バス・トイレ別／	シャワー／	追焚機能／	浴室乾燥機	／	温水洗浄便座／	洗面台独立,ガスコンロ／	コンロ3口／	システムキッチン	／	給湯,CATV／	CSアンテナ／	BSアンテナ,冷房／	エアコン付／	床暖房	トランクルーム	／	ウォークインクローゼット	シューズボックス／	バルコニー／	フローリング／	24時間換気システム	／	室内洗濯機置場／	敷地内ごみ置き場	／	エレベーター／	タイル張り	水道その他／	下水／	都市ガス,駐輪場	空有	バイク置き場	無,【小学校】 350m	【学校】 1400m	【スーパー】 550m	【コンビニ】 450m	【公園】 550m	【公園】 650m,RC（鉄筋コンクリート）,2年間,550000,52125.84375
4472,4473,東京都江東区白河２丁目,半蔵門線	清澄白河駅	徒歩4分		都営新宿線	菊川(東京都)駅	徒歩9分		都営大江戸線	森下(東京都)駅	徒歩14分,2LDK,33年6ヶ月,南,49.5m2,2階／8階建（地下1階）,バス・トイレ別／	シャワー／	追焚機能／	洗面台独立／	脱衣所,システムキッチン	／	給湯,CATV／	CSアンテナ／	BSアンテナ,エアコン付	ウォークインクローゼット	シューズボックス／	バルコニー／	室内洗濯機置場／	エレベーター／	専用庭	公営水道／	下水／	都市ガス,,【スーパー】 582m	【スーパー】 549m	【コンビニ】 168m	【コンビニ】 209m	【ドラッグストア】 406m,SRC（鉄骨鉄筋コンクリート）,2年間,228000,51620.015625
4755,4756,東京都江東区永代２丁目,東西線	門前仲町駅	徒歩8分		日比谷線	茅場町駅	徒歩18分		京葉線(東京－蘇我)	八丁堀(東京都)駅	徒歩20分,1LDK+S(納戸),27年5ヶ月,,55.31m2,2階／6階建,専用バス／	専用トイレ／	バス・トイレ別／	シャワー／	洗面台独立,ガスコンロ／	給湯,インターネット対応,エアコン付	シューズボックス／	出窓／	フローリング／	24時間換気システム	／	3面採光／	室外洗濯機置場	公営水道／	下水／	都市ガス,駐車場	無	駐輪場	無	バイク置き場	無,【スーパー】 586m	【スーパー】 909m	【コンビニ】 251m	【コンビニ】 297m	【病院】 1619m,RC（鉄筋コンクリート）,2年間,205000,51412.921875
22351,22352,東京都中央区佃１丁目,有楽町線	月島駅	徒歩6分		日比谷線	八丁堀(東京都)駅	徒歩13分		京葉線(東京－蘇我)	越中島駅	徒歩15分,2LDK,26年6ヶ月,西,62.64m2,19階／40階建,専用バス／	専用トイレ／	バス・トイレ別／	シャワー／	追焚機能／	浴室乾燥機	／	温水洗浄便座／	洗面台独立／	脱衣所,IHコンロ	／	コンロ3口／	システムキッチン	／	独立キッチン,インターネット対応／	光ファイバー,冷房／	エアコン付／	床暖房	シューズボックス／	バルコニー／	フローリング／	室内洗濯機置場／	敷地内ごみ置き場	／	エレベーター	公営水道／	下水／	都市ガス,,,SRC（鉄骨鉄筋コンクリート）,,300000,50712.953125
15255,15256,東京都練馬区石神井町３丁目30-14,西武池袋線	石神井公園駅	徒歩7分		西武池袋線	練馬高野台駅	徒歩21分		西武池袋線	大泉学園駅	徒歩22分,4LDK,17年2ヶ月,南,81.25m2,3階建,専用バス／	専用トイレ／	バス・トイレ別／	シャワー／	追焚機能／	浴室乾燥機	／	温水洗浄便座／	洗面台独立／	脱衣所,ガスコンロ／	コンロ3口／	システムキッチン	／	カウンターキッチン	／	給湯／	L字キッチン,インターネット対応／	BSアンテナ,エアコン付	シューズボックス／	バルコニー／	フローリング／	3面採光／	室内洗濯機置場／	タイル張り	公営水道／	下水／	都市ガス,駐車場	空有(2台)	駐輪場	空有	バイク置き場	空有,【スーパー】 521m	【スーパー】 489m,鉄骨造,3年間	※この物件は	定期借家	です。,250000,49020.921875
6895,6896,東京都杉並区和泉２丁目8-18,京王線	明大前駅	徒歩5分		京王線	代田橋駅	徒歩10分		京王井の頭線	永福町駅	徒歩13分,1R,34年3ヶ月,西,28m2,3階／3階建,専用バス／	専用トイレ／	バス・トイレ別／	シャワー,IHコンロ	／	コンロ1口／	システムキッチン	／	給湯,インターネット対応／	光ファイバー,エアコン付	シューズボックス／	バルコニー／	フローリング／	室外洗濯機置場	公営水道／	下水／	都市ガス,"駐車場	近隣	35,000円(税込)	距離300m	駐輪場	無	バイク置き場	無",【スーパー】 105m	【スーパー】 403m	【スーパー】 702m	【コンビニ】 222m	【コンビニ】 180m	【コンビニ】 645m,鉄骨造,2年間,130000,48716.6015625
29669,29670,東京都墨田区吾妻橋３丁目,東武スカイツリーライン	とうきょうスカイツリー駅	徒歩3分		都営浅草線	本所吾妻橋駅	徒歩3分		半蔵門線	押上駅	徒歩9分,2LDK,1年9ヶ月,,51.37m2,7階／7階建,バス・トイレ別／	シャワー／	追焚機能／	浴室乾燥機	／	温水洗浄便座／	洗面台独立,ガスコンロ／	コンロ3口／	システムキッチン	／	カウンターキッチン	／	給湯,インターネット対応／	光ファイバー／	CATV／	CSアンテナ／	インターネット使用料無料,エアコン付	ウォークインクローゼット	シューズボックス／	バルコニー／	フローリング／	室内洗濯機置場／	敷地内ごみ置き場	／	エレベーター	都市ガス,駐輪場	空有	バイク置き場	無,【スーパー】 249m	【スーパー】 353m	【スーパー】 386m	【スーパー】 534m	【スーパー】 534m,RC（鉄筋コンクリート）,2年間	※この物件は	定期借家	です。,260000,47971.734375
14135,14136,東京都新宿区西新宿６丁目,丸ノ内線(池袋－荻窪)	西新宿駅	徒歩6分		都営大江戸線	都庁前駅	徒歩6分		山手線新宿駅徒歩15分,2LDK,24年10ヶ月,西,84.59m2,19階／30階建（地下4階）,専用バス／	専用トイレ／	バス・トイレ別／	シャワー／	浴室乾燥機	／	温水洗浄便座／	洗面台独立,IHコンロ	／	システムキッチン,光ファイバー／	CATV,エアコン付	シューズボックス／	バルコニー／	室内洗濯機置場／	エレベーター,"駐車場	空有	45,360円(税込)",【コンビニ】 10m	【スーパー】 180m	【ドラッグストア】 240m	【公園】 330m,RC（鉄筋コンクリート）,,427000,47036.8125
26622,26623,東京都大田区山王３丁目7-3,京浜東北線	大森(東京都)駅	徒歩9分		京急本線	平和島駅	徒歩14分		京急本線	大森海岸駅	徒歩17分,1LDK,25年5ヶ月,西,41.34m2,3階／5階建,バス・トイレ別,コンロ3口／	システムキッチン,BSアンテナ,冷房	バルコニー／	フローリング／	室内洗濯機置場／	エレベーター	都市ガス,駐車場	無,【スーパー】 391m	【コンビニ】 214m	【ドラッグストア】 851m	【郵便局】 100m	【飲食店】 702m,鉄骨造,,168000,45929.6953125
4410,4411,東京都港区高輪１丁目,都営浅草線	高輪台駅	徒歩6分		都営三田線	白金台駅	徒歩8分		都営浅草線	泉岳寺駅	徒歩13分,1LDK,13年10ヶ月,北,50.26m2,8階／47階建,専用バス／	専用トイレ／	バス・トイレ別／	シャワー／	洗面台独立／	脱衣所,ガスコンロ／	コンロ3口／	システムキッチン	／	給湯／	L字キッチン,インターネット対応／	光ファイバー／	CATV,エアコン付	ウォークインクローゼット	シューズボックス／	バルコニー／	フローリング／	24時間換気システム	／	室内洗濯機置場／	敷地内ごみ置き場	／	エレベーター／	タイル張り	公営水道／	下水／	都市ガス,駐車場	無	駐輪場	無	バイク置き場	無,【スーパー】 41m	【スーパー】 851m	【コンビニ】 153m	【コンビニ】 185m,RC（鉄筋コンクリート）,2年間,300000,45784.375
29426,29427,東京都文京区本郷４丁目,丸ノ内線(池袋－荻窪)	本郷三丁目駅	徒歩6分		南北線	後楽園駅	徒歩7分		都営三田線	春日(東京都)駅	徒歩6分,1R,36年9ヶ月,,16m2,4階／4階建,専用バス／	専用トイレ／	シャワー,ガスコンロ／	コンロ1口／	給湯,インターネット対応／	CATV,エアコン付	フローリング／	室内洗濯機置場	公営水道／	都市ガス,駐車場	無,,鉄骨造,2年間,115000,45735.6640625
19078,19079,東京都渋谷区神南１丁目,山手線	渋谷駅	徒歩8分		千代田線	明治神宮前駅	徒歩13分		山手線	原宿駅	徒歩12分,2LDK,20年5ヶ月,南,68.82m2,6階／16階建（地下2階）,バス・トイレ別／	シャワー／	追焚機能／	浴室乾燥機	／	温水洗浄便座／	洗面台独立,ガスコンロ／	コンロ3口／	システムキッチン	／	給湯,CSアンテナ／	BSアンテナ,冷房／	エアコン付	ウォークインクローゼット	シューズボックス／	バルコニー／	フローリング／	24時間換気システム	／	室内洗濯機置場／	敷地内ごみ置き場	／	エレベーター／	タイル張り	水道その他／	下水／	都市ガス,"駐車場	空有	45,360円	駐輪場	空有	バイク置き場	無",【小学校】 260m	【学校】 1000m	【コンビニ】 250m	【スーパー】 450m	【公園】 550m,RC（鉄筋コンクリート）,2年間,408000,45611.78125
24157,24158,東京都荒川区西日暮里６丁目,山手線	西日暮里駅	徒歩6分		京成本線	新三河島駅	徒歩7分		山手線	田端駅	徒歩14分,4LDK,16年5ヶ月,東,120m2,5階／6階建,専用バス／	専用トイレ／	バス・トイレ別／	シャワー／	追焚機能／	温水洗浄便座／	洗面台独立,ガスコンロ／	コンロ3口／	システムキッチン	／	給湯,インターネット対応,エアコン付	バルコニー／	フローリング／	室内洗濯機置場／	エレベーター／	タイル張り	公営水道／	都市ガス,駐車場	無,,RC（鉄筋コンクリート）,2年間,350000,45521.65625
30950,30951,東京都目黒区下目黒６丁目,東急目黒線	武蔵小山駅	徒歩15分		東急目黒線	不動前駅	徒歩17分		東急東横線	学芸大学駅	徒歩19分,2LDK,28年10ヶ月,南,64.85m2,5階／5階建,専用トイレ／	バス・トイレ別／	シャワー／	温水洗浄便座／	洗面台独立,コンロ2口／	システムキッチン	／	カウンターキッチン	／	給湯,インターネット対応／	BSアンテナ,エアコン付	シューズボックス／	バルコニー／	フローリング／	室内洗濯機置場,,,RC（鉄筋コンクリート）,,245000,45228.125
17427,17428,東京都品川区上大崎１丁目,山手線	目黒駅	徒歩7分		南北線	白金台駅	徒歩7分		山手線	五反田駅	徒歩13分,2LDK,15年11ヶ月,南,103.5m2,2階／7階建（地下1階）,バス・トイレ別／	シャワー／	追焚機能／	浴室乾燥機	／	温水洗浄便座／	洗面台独立,ガスコンロ／	コンロ3口／	システムキッチン	／	給湯,光ファイバー／	CATV／	CSアンテナ／	BSアンテナ,冷房／	エアコン付	ウォークインクローゼット	シューズボックス／	バルコニー／	フローリング／	24時間換気システム	／	室内洗濯機置場／	敷地内ごみ置き場	／	エレベーター／	タイル張り	水道その他／	下水／	都市ガス,"駐車場	空有	54,000円	駐輪場	空有	バイク置き場	無",【小学校】 400m	【学校】 1500m	【コンビニ】 200m	【スーパー】 400m	【公園】 350m	【郵便局】 260m,RC（鉄筋コンクリート）,2年間,490000,44759.0
6988,6989,東京都世田谷区代田５丁目,小田急小田原線	下北沢駅	徒歩6分		小田急小田原線	世田谷代田駅	徒歩3分		京王井の頭線	新代田駅	徒歩7分,1K,6年3ヶ月,南,59.55m2,3階／4階建,専用バス／	専用トイレ／	バス・トイレ別／	シャワー／	温水洗浄便座／	洗面台独立／	脱衣所,ガスコンロ／	コンロ2口／	システムキッチン	／	給湯,インターネット対応／	光ファイバー,エアコン付	シューズボックス／	バルコニー／	フローリング／	2面採光／	室内洗濯機置場／	敷地内ごみ置き場	公営水道／	下水／	都市ガス,駐輪場	空有	駐車場	無	バイク置き場	無,【スーパー】 288m	【スーパー】 439m	【スーパー】 449m	【コンビニ】 219m	【コンビニ】 314m	【コンビニ】 246m,RC（鉄筋コンクリート）,2年間,240000,44512.375
20742,20743,東京都江戸川区中葛西３丁目12-2,東西線	葛西駅	徒歩8分		東西線	西葛西駅	徒歩15分		都営新宿線	船堀駅	/バス(14分)葛西区民館前下車徒歩4分,1K,6年0ヶ月,西,26.74m2,3階／3階建,専用バス／	専用トイレ／	バス・トイレ別／	シャワー／	追焚機能／	浴室乾燥機	／	温水洗浄便座／	洗面台独立／	脱衣所,ガスコンロ／	コンロ2口／	システムキッチン	／	給湯,インターネット対応／	CATV／	BSアンテナ,エアコン付	シューズボックス／	バルコニー／	フローリング／	室内洗濯機置場	公営水道／	下水／	都市ガス,"駐輪場	空有	駐車場	近隣	21,600円(税込)	距離320m	バイク置き場	無",【スーパー】 437m	【スーパー】 497m	【スーパー】 442m	【コンビニ】 226m,木造,2年間,125000,44331.2890625
12831,12832,東京都渋谷区神宮前３丁目,銀座線	表参道駅	徒歩8分		千代田線	明治神宮前駅	徒歩10分		山手線	原宿駅	徒歩13分,1DK,7年5ヶ月,南東,35.98m2,2階／3階建,専用バス／	バス・トイレ別／	シャワー／	追焚機能／	浴室乾燥機	／	温水洗浄便座／	洗面台独立,コンロ2口／	システムキッチン	／	給湯,,エアコン付	シューズボックス／	バルコニー／	フローリング／	室内洗濯機置場	都市ガス,駐車場	無,,RC（鉄筋コンクリート）,2年間,278000,43222.9375
10079,10080,東京都杉並区久我山４丁目34-8,京王井の頭線	三鷹台駅	徒歩6分		中央線（快速）	吉祥寺駅	徒歩25分		京王井の頭線	久我山駅	徒歩13分,3LDK,30年11ヶ月,南西,97.7m2,2階／3階建,専用バス／	専用トイレ／	バス・トイレ別／	シャワー／	追焚機能／	浴室乾燥機	／	温水洗浄便座／	洗面台独立／	脱衣所,ガスコンロ／	コンロ3口／	システムキッチン	／	給湯,,エアコン付	シューズボックス／	出窓／	バルコニー／	フローリング／	2面採光／	室内洗濯機置場／	敷地内ごみ置き場	／	エレベーター	公営水道／	都市ガス,,,RC（鉄筋コンクリート）,2年間,299000,43004.859375
16274,16275,東京都台東区下谷３丁目8-9,日比谷線	入谷(東京都)駅	徒歩8分		山手線	鶯谷駅	徒歩13分		日比谷線	三ノ輪駅	徒歩10分,2LDK,32年3ヶ月,,54.1m2,4階／8階建,専用バス／	専用トイレ／	バス・トイレ別／	シャワー／	温水洗浄便座／	洗面台独立,ガスコンロ／	コンロ3口／	システムキッチン,光ファイバー／	CATV,エアコン付	シューズボックス／	出窓／	バルコニー／	フローリング／	2面採光／	室内洗濯機置場／	エレベーター	公営水道／	下水／	都市ガス,駐輪場	空有	0円	駐車場	空無	バイク置き場	無,【ドラッグストア】 343m	【飲食店】 82m	【飲食店】 303m	【飲食店】 401m	【スーパー】 91m	【スーパー】 461m	【コンビニ】 259m	【コンビニ】 276m	【郵便局】 385m	【病院】 425m,SRC（鉄骨鉄筋コンクリート）,2年間,178000,42922.640625
2501,2502,東京都練馬区豊玉北２丁目2-5,都営大江戸線	新江古田駅	徒歩4分		西武池袋線	江古田駅	徒歩6分		西武有楽町線	新桜台駅	徒歩14分,3DK,41年9ヶ月,南東,45.2m2,3階／3階建,専用バス／	専用トイレ／	バス・トイレ別／	洗面台独立,ガスコンロ／	システムキッチン	／	給湯,インターネット対応／	CATV,エアコン付	バルコニー／	フローリング／	2面採光／	ペアガラス／	室外洗濯機置場／	タイル張り	公営水道／	下水／	都市ガス,"駐輪場	空有	バイク置き場	空有	駐車場	近隣	23,000円(税込)	距離200m",【スーパー】 450m	【スーパー】 557m	【コンビニ】 437m,RC（鉄筋コンクリート）,2年間,180000,42585.96875
28759,28760,東京都渋谷区恵比寿４丁目,山手線	恵比寿駅	徒歩8分		南北線	目黒駅	徒歩14分		都営三田線	白金台駅	徒歩20分,1K,25年0ヶ月,東,40.44m2,4階／13階建,専用バス／	専用トイレ／	バス・トイレ別／	シャワー／	洗面台独立,IHコンロ	／	コンロ2口／	システムキッチン	／	給湯,インターネット対応／	CATV／	CSアンテナ／	BSアンテナ,エアコン付	ウォークインクローゼット	シューズボックス／	バルコニー／	フローリング／	24時間換気システム	／	室内洗濯機置場／	敷地内ごみ置き場	／	エレベーター／	タイル張り	公営水道／	下水／	都市ガス,"駐輪場	空有	駐車場	近隣	40,000円(税込)	距離200m	バイク置き場	無",【スーパー】 924m	【スーパー】 812m	【スーパー】 816m,SRC（鉄骨鉄筋コンクリート）,2年間,221000,41789.59375
16520,16521,東京都港区六本木６丁目,日比谷線	六本木駅	徒歩5分		南北線	麻布十番駅	徒歩9分,2LDK,16年4ヶ月,北西,94.09m2,17階／43階建（地下2階）,専用バス／	専用トイレ／	バス・トイレ別／	シャワー,システムキッチン,,床暖房	バルコニー／	フローリング／	室内洗濯機置場／	エレベーター,,,SRC（鉄骨鉄筋コンクリート）,3年間	※この物件は	定期借家	です。,880000,41785.25
15801,15802,東京都世田谷区代沢５丁目８－１３,小田急小田原線	下北沢駅	徒歩6分		京王井の頭線	下北沢駅	徒歩6分		京王井の頭線	池ノ上駅	徒歩9分,1LDK,6年2ヶ月,東,51.55m2,6階／6階建,バス・トイレ別／	シャワー／	追焚機能／	浴室乾燥機	／	温水洗浄便座／	洗面台独立,ガスコンロ／	コンロ2口／	システムキッチン	／	給湯,インターネット対応／	高速インターネット／	CATV／	CSアンテナ／	BSアンテナ／	インターネット使用料無料,エアコン付	シューズボックス／	バルコニー／	フローリング／	室内洗濯機置場／	エレベーター／	タイル張り	公営水道／	下水／	都市ガス,駐車場	無	駐輪場	無	バイク置き場	無,【コンビニ】 140m	【コンビニ】 199m	【スーパー】 402m	【スーパー】 553m	【郵便局】 170m,RC（鉄筋コンクリート）,2年間,245000,40525.265625
15417,15418,東京都港区南麻布１丁目16-2,南北線	麻布十番駅	徒歩7分		南北線	白金高輪駅	徒歩16分		都営大江戸線	赤羽橋駅	徒歩18分,2LDK,5年1ヶ月,北,125m2,7階／7階建,専用バス／	専用トイレ／	バス・トイレ別／	シャワー／	追焚機能／	浴室乾燥機	／	温水洗浄便座／	洗面台独立／	脱衣所,ガスコンロ／	コンロ3口／	システムキッチン	／	給湯／	独立キッチン／	L字キッチン,インターネット対応／	光ファイバー,エアコン付	ウォークインクローゼット	シューズボックス／	ロフト付き／	バルコニー／	フローリング／	24時間換気システム	／	3面採光／	室内洗濯機置場／	エレベーター／	タイル張り	公営水道／	下水／	都市ガス,"駐車場	空有	54,000円(税込)	駐輪場	空有	バイク置き場	無",【スーパー】 217m	【スーパー】 541m	【コンビニ】 256m	【コンビニ】 413m,RC（鉄筋コンクリート）,2年間	※この物件は	定期借家	です。,1300000,40284.75
20977,20978,東京都中央区日本橋人形町２丁目,日比谷線	人形町駅	徒歩1分		半蔵門線	水天宮前駅	徒歩6分		都営新宿線	浜町駅	徒歩6分,1LDK,18年11ヶ月,南,46.57m2,10階／12階建,専用バス／	専用トイレ／	バス・トイレ別／	浴室乾燥機	／	温水洗浄便座／	洗面台独立／	脱衣所,ガスコンロ／	コンロ3口／	システムキッチン	／	カウンターキッチン,インターネット対応／	CATV／	CSアンテナ／	BSアンテナ,エアコン付	ウォークインクローゼット	シューズボックス／	バルコニー／	フローリング／	室内洗濯機置場／	敷地内ごみ置き場	／	エレベーター	公営水道／	下水／	都市ガス,"駐車場	近隣	43,200円	距離363m",,SRC（鉄骨鉄筋コンクリート）,2年間,260000,40252.421875
30957,30958,東京都千代田区麹町１丁目,半蔵門線	半蔵門駅	徒歩1分		有楽町線	麹町駅	徒歩6分		総武線・中央線（各停）	市ケ谷駅	徒歩14分,1LDK,13年7ヶ月,南,68.11m2,9階／9階建,専用バス／	専用トイレ／	バス・トイレ別／	シャワー／	追焚機能／	浴室乾燥機	／	温水洗浄便座／	洗面台独立／	脱衣所,ガスコンロ／	コンロ3口／	システムキッチン	／	カウンターキッチン	／	独立キッチン,インターネット対応／	高速インターネット／	光ファイバー／	CATV／	CSアンテナ／	BSアンテナ,冷房／	エアコン付	シューズボックス／	バルコニー／	ルーフバルコニー	／	フローリング／	24時間換気システム	／	2面採光／	室内洗濯機置場／	敷地内ごみ置き場	／	エレベーター／	タイル張り	公営水道／	下水／	都市ガス,,,RC（鉄筋コンクリート）,,418000,40151.09375
19208,19209,東京都豊島区東池袋４丁目,有楽町線	東池袋駅	徒歩1分		山手線	池袋駅	徒歩8分		東京メトロ副都心線雑司が谷駅徒歩10分,2LDK,12年7ヶ月,南東,83.36m2,28階／42階建（地下3階）,専用バス／	専用トイレ／	バス・トイレ別／	シャワー／	追焚機能／	浴室乾燥機	／	温水洗浄便座／	洗面台独立,ガスコンロ／	システムキッチン	／	給湯,,エアコン付／	床暖房	ウォークインクローゼット	シューズボックス／	バルコニー／	フローリング／	室内洗濯機置場／	エレベーター,"駐車場	空有	25,700円(税込)",【コンビニ】 10m	【スーパー】 10m	【ドラッグストア】 10m	【公園】 120m,RC（鉄筋コンクリート）,,403000,39975.5
7544,7545,東京都港区南麻布１丁目,都営大江戸線	麻布十番駅	徒歩8分		都営大江戸線	赤羽橋駅	徒歩16分		都営三田線	白金高輪駅	徒歩17分,1LDK,4年0ヶ月,南西,40.04m2,3階／13階建,専用バス／	専用トイレ／	バス・トイレ別／	シャワー／	追焚機能／	浴室乾燥機	／	温水洗浄便座／	洗面台独立／	脱衣所,ガスコンロ／	コンロ3口／	システムキッチン	／	カウンターキッチン	／	給湯,インターネット対応／	光ファイバー／	CATV／	CSアンテナ／	BSアンテナ／	インターネット使用料無料,エアコン付／	床暖房	ウォークインクローゼット	シューズボックス／	バルコニー／	フローリング／	室内洗濯機置場／	敷地内ごみ置き場	／	エレベーター／	タイル張り	公営水道／	下水／	都市ガス,"駐車場	空有	37,000円(税込)	駐輪場	空有	バイク置き場	無",【スーパー】 345m	【スーパー】 728m	【スーパー】 810m	【コンビニ】 229m	【コンビニ】 384m,RC（鉄筋コンクリート）,2年間,244000,39895.75
25092,25093,東京都葛飾区青戸２丁目2-1,京成本線	青砥駅	徒歩1分		京成本線	京成高砂駅	徒歩16分		京成押上線	京成立石駅	徒歩16分,2LDK,24年4ヶ月,,78.6m2,5階／6階建,専用バス／	専用トイレ／	バス・トイレ別／	シャワー／	洗面台独立／	脱衣所,ガスコンロ／	コンロ3口／	システムキッチン	／	給湯,インターネット対応／	光ファイバー,エアコン付	トランクルーム	シューズボックス／	バルコニー／	ルーフバルコニー	／	フローリング／	2面採光／	室内洗濯機置場／	エレベーター／	タイル張り	都市ガス,駐車場	無	駐輪場	無	バイク置き場	無,【スーパー】 140m	【スーパー】 362m	【スーパー】 536m	【コンビニ】 112m	【コンビニ】 125m	【公園】 660m,RC（鉄筋コンクリート）,2年間,240000,39743.125
3950,3951,東京都杉並区梅里１丁目21-12,丸ノ内線(池袋－荻窪)	新高円寺駅	徒歩5分		丸ノ内線(池袋－荻窪)	東高円寺駅	徒歩7分		中央線（快速）	高円寺駅	徒歩15分,1LDK,23年5ヶ月,南,40m2,4階／6階建,専用バス／	専用トイレ／	バス・トイレ別／	シャワー／	温水洗浄便座,ガスコンロ／	コンロ2口／	システムキッチン	／	給湯／	独立キッチン,,ウォークインクローゼット	シューズボックス／	バルコニー／	フローリング／	室内洗濯機置場／	エレベーター／	タイル張り	公営水道／	下水／	都市ガス,駐車場	無	駐輪場	無	バイク置き場	無,【スーパー】 227m	【コンビニ】 181m,RC（鉄筋コンクリート）,2年間,170000,39408.6953125
4505,4506,東京都江東区新大橋３丁目,都営新宿線	森下(東京都)駅	徒歩1分		都営大江戸線	森下(東京都)駅	徒歩1分		都営新宿線	浜町駅	徒歩11分,2DK,28年7ヶ月,南,44.55m2,8階／8階建,専用バス／	バス・トイレ別／	シャワー／	追焚機能／	温水洗浄便座,ガスコンロ／	コンロ2口／	システムキッチン	／	給湯,インターネット対応／	光ファイバー／	CSアンテナ／	BSアンテナ,エアコン付	シューズボックス／	バルコニー／	室内洗濯機置場／	エレベーター,駐輪場	空有	0円	駐車場	無,【小学校】 269m	【学校】 1159m	【幼稚園・保育園】 258m	【郵便局】 285m	【図書館】 1276m	【公園】 1631m	【病院】 1171m,SRC（鉄骨鉄筋コンクリート）,2年間,172000,39316.875
12770,12771,東京都江東区東陽５丁目,東西線	東陽町駅	徒歩4分		東西線	木場(東京都)駅	徒歩10分		東22／江東区役所　3分,3LDK,33年0ヶ月,東,83.74m2,6階／6階建,バス・トイレ別／	シャワー／	追焚機能／	温水洗浄便座／	洗面台独立,ガスコンロ／	コンロ3口／	システムキッチン	／	カウンターキッチン	／	給湯,インターネット対応／	光ファイバー,エアコン付	シューズボックス／	バルコニー／	フローリング／	室内洗濯機置場／	エレベーター	公営水道／	下水／	都市ガス,駐輪場	空有	バイク置き場	無,【コンビニ】 329m	【スーパー】 362m	【スーパー】 688m	【スーパー】 531m	【スーパー】 507m	【コンビニ】 377m,RC（鉄筋コンクリート）,2年間,260000,39030.15625
5375,5376,東京都品川区上大崎２丁目18-3,山手線	目黒駅	徒歩5分		南北線	白金台駅	徒歩15分		山手線	恵比寿駅	徒歩11分,1K,19年10ヶ月,南西,33.39m2,7階／8階建（地下1階）,専用バス／	専用トイレ／	バス・トイレ別／	シャワー／	浴室乾燥機	／	温水洗浄便座／	洗面台独立／	脱衣所,ガスコンロ／	コンロ2口／	システムキッチン	／	独立キッチン,高速インターネット,エアコン付	シューズボックス／	バルコニー／	フローリング／	24時間換気システム	／	室内洗濯機置場／	敷地内ごみ置き場	／	エレベーター	公営水道／	下水／	都市ガス,,【コンビニ】 67m	【コンビニ】 41m	【公園】 204m	【デパート】 206m	【銀行】 182m,RC（鉄筋コンクリート）,2年間,183000,38999.90625
8028,8029,東京都中央区銀座８丁目１５－５,都営大江戸線	汐留駅	徒歩4分		山手線	新橋駅	徒歩5分		日比谷線	築地駅	徒歩15分,1LDK,8年4ヶ月,北西,45.25m2,5階／5階建,専用バス／	専用トイレ／	バス・トイレ別／	シャワー／	追焚機能／	浴室乾燥機	／	温水洗浄便座／	洗面台独立／	脱衣所,IHコンロ	／	コンロ2口／	システムキッチン,インターネット対応／	光ファイバー,冷房／	エアコン付	シューズボックス／	バルコニー／	フローリング／	24時間換気システム	／	2面採光／	室内洗濯機置場／	エレベーター／	タイル張り	公営水道／	下水／	都市ガス,駐輪場	空有,,鉄骨造,,225000,38866.34375
11658,11659,東京都中央区日本橋本町４丁目４－１１,総武本線	新日本橋駅	徒歩2分		山手線	神田(東京都)駅	徒歩5分		銀座線	三越前駅	徒歩5分,1K,1年7ヶ月,南西,33.18m2,1階／12階建,専用バス／	専用トイレ／	バス・トイレ別／	シャワー／	浴室乾燥機	／	温水洗浄便座／	洗面台独立,IHコンロ	／	システムキッチン,インターネット対応／	光ファイバー／	CSアンテナ／	BSアンテナ,冷房／	エアコン付	フローリング／	2面採光／	敷地内ごみ置き場	／	エレベーター／	タイル張り	公営水道／	下水,駐輪場	空有,,RC（鉄筋コンクリート）,3年間	※この物件は	定期借家	です。,253000,38808.0
15982,15983,東京都中央区日本橋人形町２丁目,都営浅草線	人形町駅	徒歩1分		半蔵門線	水天宮前駅	徒歩3分		都営新宿線	浜町駅	徒歩5分,1LDK,18年11ヶ月,南,46.57m2,10階／12階建,専用バス／	専用トイレ／	バス・トイレ別／	シャワー／	洗面台独立／	脱衣所,ガスコンロ／	コンロ3口／	システムキッチン	／	カウンターキッチン,インターネット対応／	光ファイバー,冷房／	エアコン付	ウォークインクローゼット	シューズボックス／	バルコニー／	フローリング／	24時間換気システム	／	室内洗濯機置場／	敷地内ごみ置き場	／	エレベーター／	タイル張り	公営水道／	下水／	都市ガス,駐輪場	空有,,SRC（鉄骨鉄筋コンクリート）,,260000,38519.125
22734,22735,東京都文京区本郷１丁目,都営三田線	水道橋駅	徒歩3分		総武線・中央線（各停）	水道橋駅	徒歩7分		丸ノ内線(池袋－荻窪)	本郷三丁目駅	徒歩9分,3LDK,13年8ヶ月,南,74.97m2,10階／13階建,専用バス／	専用トイレ／	バス・トイレ別／	追焚機能／	浴室乾燥機	／	脱衣所,ガスコンロ／	コンロ3口／	システムキッチン	／	カウンターキッチン	／	給湯,インターネット対応／	CATV／	CSアンテナ／	BSアンテナ,エアコン付／	床暖房	ウォークインクローゼット	シューズボックス／	バルコニー／	フローリング／	2面採光／	室内洗濯機置場／	敷地内ごみ置き場	公営水道／	下水／	都市ガス,"駐車場	空有	36,000円(税込)	駐輪場	無	バイク置き場	無",【スーパー】 752m	【コンビニ】 675m	【コンビニ】 714m,RC（鉄筋コンクリート）,2年間,398000,38389.625
5774,5775,東京都目黒区五本木２丁目,東急東横線	祐天寺駅	徒歩5分		東急東横線	学芸大学駅	徒歩10分,1DK,11年9ヶ月,南,49.15m2,3階／3階建,専用バス／	専用トイレ／	バス・トイレ別／	シャワー／	追焚機能／	浴室乾燥機	／	温水洗浄便座,システムキッチン	／	給湯,インターネット対応／	CATV,エアコン付	トランクルーム	フローリング／	室内洗濯機置場／	エレベーター	都市ガス,,,RC（鉄筋コンクリート）,,260000,38380.125
17447,17448,東京都千代田区二番町,丸ノ内線(池袋－荻窪)	四ツ谷駅	徒歩4分		有楽町線	麹町駅	徒歩4分		有楽町線	市ケ谷駅	徒歩8分,1LDK,7年6ヶ月,西,43.01m2,4階／6階建,専用バス／	専用トイレ／	バス・トイレ別／	シャワー／	追焚機能／	浴室乾燥機	／	温水洗浄便座／	洗面台独立／	脱衣所,ガスコンロ／	コンロ2口／	システムキッチン	／	カウンターキッチン	／	独立キッチン,インターネット対応／	高速インターネット／	光ファイバー／	CATV／	CSアンテナ／	BSアンテナ,冷房／	エアコン付	ウォークインクローゼット	シューズボックス／	バルコニー／	フローリング／	24時間換気システム	／	2面採光／	室内洗濯機置場／	敷地内ごみ置き場	／	エレベーター／	タイル張り	公営水道／	下水／	都市ガス,駐輪場	空有,,RC（鉄筋コンクリート）,,240000,38349.5625
272,273,東京都墨田区吾妻橋３丁目,都営浅草線	本所吾妻橋駅	徒歩3分		半蔵門線	押上駅	徒歩9分		東武スカイツリーライン	とうきょうスカイツリー駅	徒歩3分,2LDK,1年9ヶ月,北西,51.37m2,7階／7階建,専用バス／	バス・トイレ別／	シャワー／	追焚機能／	浴室乾燥機	／	洗面台独立,ガスコンロ／	コンロ3口／	システムキッチン	／	カウンターキッチン	／	給湯,インターネット対応／	CATV／	インターネット使用料無料,エアコン付	ウォークインクローゼット	シューズボックス／	バルコニー／	フローリング／	24時間換気システム	／	室内洗濯機置場／	エレベーター	公営水道／	下水／	都市ガス,駐車場	無,,RC（鉄筋コンクリート）,2年間	※この物件は	定期借家	です。,260000,38085.21875
1010,1011,東京都目黒区青葉台１丁目9-6,東急東横線	代官山駅	徒歩8分		東急東横線	中目黒駅	徒歩9分		山手線	渋谷駅	徒歩16分,1LDK,2年7ヶ月,東,59.51m2,4階／4階建,バス・トイレ別／	シャワー／	追焚機能／	温水洗浄便座,ガスコンロ／	給湯,インターネット対応／	CATV／	インターネット使用料無料,エアコン付／	床暖房	ウォークインクローゼット	バルコニー／	フローリング／	ペアガラス／	室内洗濯機置場／	敷地内ごみ置き場	／	エレベーター,"駐車場	空有	54,000円(税込)	駐輪場	無	バイク置き場	無",,RC（鉄筋コンクリート）,2年間,400000,38054.0
13728,13729,東京都港区芝浦３丁目4-2,山手線	田町(東京都)駅	徒歩4分		都営三田線	三田(東京都)駅	徒歩10分		都営浅草線	泉岳寺駅	徒歩15分,1LDK,22年10ヶ月,南東,76.16m2,28階／28階建,専用バス／	専用トイレ／	バス・トイレ別／	シャワー／	追焚機能／	洗面台独立／	脱衣所,IHコンロ	／	コンロ4口以上／	システムキッチン	／	給湯／	独立キッチン,インターネット対応／	光ファイバー,エアコン付	トランクルーム	シューズボックス／	バルコニー／	フローリング／	24時間換気システム	／	2面採光／	室内洗濯機置場／	敷地内ごみ置き場	／	エレベーター／	タイル張り	公営水道／	下水／	都市ガス,"駐車場	空有	46,440円(税込)	駐輪場	空有	バイク置き場	空有",【スーパー】 262m	【コンビニ】 666m	【病院】 757m,RC（鉄筋コンクリート）,2年間,387000,38039.5
13333,13334,東京都目黒区三田１丁目,山手線	恵比寿駅	徒歩3分		日比谷線	恵比寿駅	徒歩6分		東京メトロ南北線目黒駅徒歩13分,2LDK,28年11ヶ月,南東,94.77m2,4階／5階建（地下1階）,専用バス／	専用トイレ／	バス・トイレ別／	シャワー／	洗面台独立,IHコンロ	／	システムキッチン,,エアコン付	シューズボックス／	バルコニー／	エレベーター,"駐車場	空有	54,000円(税込)",,RC（鉄筋コンクリート）,2年間	※この物件は	定期借家	です。,550000,38009.9375
22043,22044,東京都世田谷区奥沢１丁目,東急東横線	自由が丘駅	徒歩11分		東急大井町線	緑が丘(東京都)駅	徒歩9分		東急目黒線	大岡山駅	徒歩4分,1LDK,14年1ヶ月,南,47.27m2,2階／3階建,専用バス／	専用トイレ／	バス・トイレ別／	シャワー／	浴室乾燥機	／	温水洗浄便座,コンロ設置可（コンロ2口）／	システムキッチン	／	給湯,光ファイバー／	BSアンテナ,冷房／	エアコン付	バルコニー／	フローリング／	室内洗濯機置場	公営水道／	下水／	都市ガス,"駐車場	空有	23,000円",,RC（鉄筋コンクリート）,,208000,38008.9375
19745,19746,東京都渋谷区神南１丁目,山手線	渋谷駅	徒歩10分		山手線	原宿駅	徒歩9分		副都心線	明治神宮前駅	徒歩8分,1R,15年4ヶ月,南,35.58m2,2階／7階建,専用バス／	専用トイレ／	バス・トイレ別／	シャワー／	温水洗浄便座／	洗面台独立／	脱衣所,IHコンロ	／	コンロ2口／	システムキッチン	／	給湯,インターネット対応／	光ファイバー／	インターネット使用料無料,エアコン付／	床暖房	バルコニー／	フローリング／	24時間換気システム	／	2面採光／	室内洗濯機置場／	敷地内ごみ置き場	／	エレベーター	都市ガス,駐輪場	空有	駐車場	無	バイク置き場	無,,RC（鉄筋コンクリート）,2年間,210000,37793.875
8931,8932,東京都品川区上大崎２丁目,山手線	目黒駅	徒歩5分		山手線	恵比寿駅	徒歩11分		南北線	白金台駅	徒歩15分,1R,19年10ヶ月,南西,28.17m2,3階／7階建,専用バス／	専用トイレ／	バス・トイレ別／	シャワー／	洗面台独立,ガスコンロ／	コンロ1口／	給湯,インターネット対応,エアコン付	シューズボックス／	バルコニー／	フローリング／	24時間換気システム	／	室内洗濯機置場／	敷地内ごみ置き場	／	エレベーター／	タイル張り	公営水道／	下水／	都市ガス,駐車場	無	駐輪場	無	バイク置き場	無,【スーパー】 70m	【スーパー】 310m	【コンビニ】 4m	【コンビニ】 190m	【病院】 665m,RC（鉄筋コンクリート）,2年間,146000,37781.015625
24024,24025,東京都渋谷区恵比寿２丁目17-22,日比谷線	広尾駅	徒歩9分		山手線	恵比寿駅	徒歩9分		南北線	白金台駅	徒歩21分,2LDK,1年3ヶ月,北東,49.8m2,4階／5階建,専用バス／	専用トイレ／	バス・トイレ別／	シャワー／	浴室乾燥機	／	温水洗浄便座／	洗面台独立／	脱衣所,ガスコンロ／	コンロ2口／	システムキッチン	／	給湯,インターネット対応／	光ファイバー／	インターネット使用料無料,エアコン付	ウォークインクローゼット	シューズボックス／	フローリング／	24時間換気システム	／	2面採光／	室内洗濯機置場／	敷地内ごみ置き場	／	タイル張り	公営水道／	下水／	都市ガス,駐車場	無	駐輪場	無	バイク置き場	無,【スーパー】 667m	【コンビニ】 91m	【コンビニ】 236m,RC（鉄筋コンクリート）,2年間,310000,37677.8125
5824,5825,東京都杉並区久我山４丁目34-8,京王井の頭線	久我山駅	徒歩13分		京王井の頭線	三鷹台駅	徒歩6分		京王井の頭線	井の頭公園駅	徒歩15分,2LDK,30年11ヶ月,南西,97.7m2,2階／3階建,専用バス／	専用トイレ／	バス・トイレ別／	シャワー／	洗面台独立,ガスコンロ／	コンロ3口／	システムキッチン	／	カウンターキッチン	／	給湯,インターネット対応／	光ファイバー／	CATV／	CSアンテナ／	BSアンテナ,エアコン付	ウォークインクローゼット	出窓／	バルコニー／	フローリング／	室内洗濯機置場／	敷地内ごみ置き場	／	タイル張り	公営水道／	下水／	都市ガス,"駐車場	空有	28,080円(税込)	(形状(平置))	駐輪場	空有	バイク置き場	無",【スーパー】 547m	【スーパー】 771m	【スーパー】 972m	【コンビニ】 619m	【コンビニ】 1106m	【コンビニ】 421m,RC（鉄筋コンクリート）,,299000,37576.8125
25643,25644,東京都世田谷区奥沢２丁目,東急大井町線	緑が丘(東京都)駅	徒歩3分		東急目黒線	奥沢駅	徒歩10分		東急目黒線	大岡山駅	徒歩11分,2LDK,31年7ヶ月,南,51.31m2,2階／5階建,専用バス／	専用トイレ／	バス・トイレ別／	シャワー／	追焚機能／	洗面台独立,コンロ2口／	システムキッチン	／	給湯,光ファイバー／	CATV／	CSアンテナ／	BSアンテナ,エアコン付	バルコニー／	フローリング／	室内洗濯機置場／	敷地内ごみ置き場	／	エレベーター／	タイル張り	公営水道／	下水／	都市ガス,,,RC（鉄筋コンクリート）,,210000,37521.859375
17990,17991,東京都渋谷区宇田川町3-3,半蔵門線	渋谷駅	徒歩5分		山手線	渋谷駅	徒歩7分		京王井の頭線	神泉駅	徒歩14分,2LDK,5年10ヶ月,南,60.48m2,12階／13階建,専用バス／	専用トイレ／	バス・トイレ別／	シャワー／	追焚機能／	浴室乾燥機	／	温水洗浄便座／	洗面台独立／	脱衣所,ガスコンロ／	システムキッチン	／	給湯,インターネット対応／	光ファイバー／	CATV／	BSアンテナ,エアコン付／	床暖房	フローリング／	室内洗濯機置場／	エレベーター	公営水道／	下水／	都市ガス,駐車場	無	駐輪場	無	バイク置き場	無,【コンビニ】 10m	【コンビニ】 57m	【コンビニ】 156m,RC（鉄筋コンクリート）,2年間,380000,37480.8125
11352,11353,東京都品川区東五反田４丁目3-33,都営浅草線	高輪台駅	徒歩5分		南北線	白金台駅	徒歩10分		山手線	五反田駅	徒歩14分,1DK,22年5ヶ月,南東,32.14m2,3階／3階建,専用バス／	専用トイレ／	バス・トイレ別／	シャワー／	温水洗浄便座,ガスコンロ／	コンロ2口／	システムキッチン	／	給湯,インターネット対応／	光ファイバー,エアコン付	シューズボックス／	バルコニー／	フローリング／	2面採光／	室内洗濯機置場	公営水道／	下水／	都市ガス,"駐車場	近隣	42,000円(税込)	距離100m	駐輪場	無	バイク置き場	無",【スーパー】 806m	【スーパー】 523m	【スーパー】 591m	【コンビニ】 74m	【スーパー】 154m	【コンビニ】 552m,RC（鉄筋コンクリート）,2年間,150000,37409.78125
22294,22295,東京都葛飾区青戸５丁目,京成本線	青砥駅	徒歩9分		京成本線	京成高砂駅	徒歩19分,3DK,35年10ヶ月,南,55m2,2階／3階建,専用トイレ／	バス・トイレ別／	シャワー／	洗面台独立,コンロ2口／	給湯,光ファイバー,エアコン付	バルコニー／	フローリング／	室内洗濯機置場,,,鉄骨造,,133000,37278.140625
22303,22304,東京都江東区豊洲２丁目５－１,有楽町線	豊洲駅	徒歩8分		有楽町線	月島駅	徒歩17分,1LDK,11年5ヶ月,北東,55.61m2,4階／7階建,専用バス／	専用トイレ／	バス・トイレ別／	シャワー／	追焚機能／	浴室乾燥機	／	温水洗浄便座／	洗面台独立／	脱衣所,ガスコンロ／	コンロ3口／	システムキッチン	／	カウンターキッチン,インターネット対応／	光ファイバー／	CATV／	CSアンテナ／	BSアンテナ／	インターネット使用料無料,冷房／	エアコン付／	床暖房	ウォークインクローゼット	シューズボックス／	バルコニー／	フローリング／	24時間換気システム	／	室内洗濯機置場／	エレベーター／	タイル張り	公営水道／	下水／	都市ガス,駐輪場	空有	バイク置き場	空有,,RC（鉄筋コンクリート）,,230000,36754.21875
25557,25558,東京都千代田区富士見２丁目,総武線・中央線（各停）	飯田橋駅	徒歩3分		半蔵門線	九段下駅	徒歩11分		東京メトロ有楽町線市ヶ谷駅徒歩15分,1LDK,5年5ヶ月,南東,50.18m2,32階／40階建（地下2階）,専用バス／	専用トイレ／	バス・トイレ別／	シャワー／	追焚機能／	浴室乾燥機	／	温水洗浄便座／	洗面台独立,ガスコンロ／	システムキッチン	／	給湯,CSアンテナ／	BSアンテナ,エアコン付／	床暖房	シューズボックス／	バルコニー／	フローリング／	室内洗濯機置場／	エレベーター,,,RC（鉄筋コンクリート）,,400000,36749.0625
23977,23978,東京都中野区本町４丁目30-21,丸ノ内線(池袋－荻窪)	新中野駅	徒歩2分		丸ノ内線(中野坂上－方南町)	中野新橋駅	徒歩11分		丸ノ内線(中野坂上－方南町)	中野富士見町駅	徒歩13分,1LDK,0年5ヶ月,南東,42.91m2,7階／12階建,専用バス／	専用トイレ／	バス・トイレ別／	シャワー／	追焚機能／	浴室乾燥機	／	温水洗浄便座／	洗面台独立／	脱衣所,ガスコンロ／	コンロ3口／	システムキッチン	／	カウンターキッチン	／	給湯,インターネット対応／	インターネット使用料無料,エアコン付	ウォークインクローゼット	シューズボックス／	バルコニー／	フローリング／	室内洗濯機置場／	敷地内ごみ置き場	／	エレベーター	公営水道／	下水／	都市ガス,"駐車場	空有	27,000円(税込)	(形状(機械))	駐輪場	空有	バイク置き場	無",【スーパー】 159m	【スーパー】 168m	【スーパー】 438m	【コンビニ】 168m	【コンビニ】 139m,RC（鉄筋コンクリート）,,215000,36697.859375
28524,28525,東京都品川区上大崎１丁目1-17,山手線	目黒駅	徒歩5分		都営三田線	白金台駅	徒歩8分		山手線	五反田駅	徒歩13分,1LDK,3年1ヶ月,東,76.18m2,23階／23階建,バス・トイレ別／	シャワー／	温水洗浄便座,ガスコンロ／	給湯,インターネット対応／	BSアンテナ／	インターネット使用料無料,エアコン付	ウォークインクローゼット	バルコニー／	フローリング／	ペアガラス／	室内洗濯機置場／	敷地内ごみ置き場	／	エレベーター,"駐車場	空有	54,000円(税込)	駐輪場	空有	バイク置き場	無",,RC（鉄筋コンクリート）,2年間,535000,36628.5625
20718,20719,東京都台東区池之端１丁目,千代田線	湯島駅	徒歩4分		銀座線	上野広小路駅	徒歩8分		都営大江戸線	上野御徒町駅	徒歩12分,2LDK,0年2ヶ月,東,67.65m2,24階／36階建,専用バス／	専用トイレ／	バス・トイレ別／	シャワー／	追焚機能／	浴室乾燥機	／	温水洗浄便座／	脱衣所,ガスコンロ／	コンロ3口／	システムキッチン	／	カウンターキッチン	／	給湯,インターネット対応／	光ファイバー／	CATV／	CSアンテナ／	BSアンテナ／	インターネット使用料無料,エアコン付／	床暖房	ウォークインクローゼット	シューズボックス／	バルコニー／	フローリング／	室内洗濯機置場／	敷地内ごみ置き場	／	エレベーター／	タイル張り	公営水道／	下水／	都市ガス,駐輪場	空有	駐車場	無	バイク置き場	無,【スーパー】 545m	【スーパー】 804m	【コンビニ】 550m	【コンビニ】 577m	【コンビニ】 624m	【コンビニ】 866m,RC（鉄筋コンクリート）,2年間,395000,36550.75
8064,8065,東京都練馬区平和台３丁目,有楽町線	平和台(東京都)駅	徒歩9分		副都心線	平和台(東京都)駅	徒歩9分		有楽町線	氷川台駅	徒歩13分,2LDK,12年2ヶ月,東,63.62m2,2階／4階建,専用トイレ／	バス・トイレ別／	シャワー／	追焚機能／	浴室乾燥機	／	洗面台独立,システムキッチン	／	カウンターキッチン,インターネット対応／	CATV,エアコン付	シューズボックス／	バルコニー／	フローリング／	室内洗濯機置場／	エレベーター,"駐車場	空有	21,600円",,RC（鉄筋コンクリート）,,192000,36475.53125
1471,1472,東京都世田谷区若林４丁目,東急世田谷線	若林(東京都)駅	徒歩7分,2LDK,15年7ヶ月,,58.11m2,2階／8階建,専用バス／	専用トイレ／	バス・トイレ別／	追焚機能／	浴室乾燥機	／	洗面台独立,コンロ2口／	システムキッチン	／	給湯,光ファイバー／	CATV,エアコン付	室内洗濯機置場／	エレベーター	都市ガス,"駐車場	空有	34,600円",,RC（鉄筋コンクリート）,,212000,36415.890625
15941,15942,東京都品川区南品川３丁目3-1,京浜東北線	大井町駅	徒歩11分		京急本線	青物横丁駅	徒歩3分		京急本線	鮫洲駅	徒歩5分,2LDK,2年0ヶ月,東,35.12m2,7階／11階建,専用バス／	専用トイレ／	バス・トイレ別／	シャワー／	追焚機能／	浴室乾燥機	／	温水洗浄便座／	洗面台独立／	脱衣所,ガスコンロ／	コンロ3口／	システムキッチン	／	カウンターキッチン	／	給湯,,ウォークインクローゼット	シューズボックス／	バルコニー／	フローリング／	24時間換気システム	／	室内洗濯機置場／	敷地内ごみ置き場	公営水道／	下水／	都市ガス,"駐輪場	空有	バイク置き場	空有	駐車場	近隣	32,400円(税込)	距離450m",【スーパー】 125m	【スーパー】 790m	【スーパー】 862m	【スーパー】 940m	【コンビニ】 539m	【コンビニ】 920m,RC（鉄筋コンクリート）,2年間,248000,36258.78125
1817,1818,東京都大田区北馬込１丁目7-8,東急池上線	旗の台駅	徒歩5分		東急大井町線	旗の台駅	徒歩5分		都営浅草線	馬込駅	徒歩13分,3LDK,27年2ヶ月,南東,61.27m2,2階建,専用バス／	専用トイレ／	バス・トイレ別／	シャワー／	追焚機能／	温水洗浄便座／	洗面台独立／	脱衣所,ガスコンロ／	コンロ3口／	システムキッチン	／	給湯,インターネット対応,エアコン付	シューズボックス／	バルコニー／	フローリング／	室内洗濯機置場	公営水道／	下水／	都市ガス,"駐車場	空有(1台)	27,000円	駐輪場	空有	バイク置き場	無",【コンビニ】 326m	【コンビニ】 246m	【スーパー】 455m	【スーパー】 415m	【スーパー】 360m	【コンビニ】 354m	【ドラッグストア】 509m	【ドラッグストア】 514m,木造,2年間,230000,36255.25
4117,4118,東京都新宿区大久保２丁目15-16,副都心線	西早稲田駅	徒歩7分		山手線	新大久保駅	徒歩13分		副都心線	東新宿駅	徒歩10分,2K,44年11ヶ月,,28.35m2,3階／3階建,専用バス／	専用トイレ／	バス・トイレ別,ガスコンロ／	コンロ2口／	コンロ設置可（コンロ2口）,,フローリング	公営水道／	下水／	都市ガス,,【ドラッグストア】 368m	【飲食店】 203m	【飲食店】 231m	【飲食店】 233m	【スーパー】 306m	【スーパー】 403m	【コンビニ】 133m	【郵便局】 271m	【図書館】 97m,鉄骨造,2年間,120000,35946.8359375
9556,9557,東京都板橋区双葉町,都営三田線	板橋本町駅	徒歩9分		東武東上線	中板橋駅	徒歩8分		都営三田線	板橋区役所前駅	徒歩15分,2LDK+S(納戸),新築,,51.53m2,3階／4階建,専用バス／	専用トイレ／	バス・トイレ別／	シャワー／	浴室乾燥機	／	温水洗浄便座／	洗面台独立,IHコンロ	／	コンロ3口／	システムキッチン	／	給湯,インターネット対応,エアコン付	フローリング／	室内洗濯機置場	公営水道／	プロパンガス,駐車場	無,,RC（鉄筋コンクリート）,2年間,244000,35901.109375
29427,29428,東京都中央区日本橋人形町２丁目,日比谷線	人形町駅	徒歩1分		半蔵門線	水天宮前駅	徒歩3分		都営新宿線	浜町駅	徒歩5分,1LDK,18年10ヶ月,,46.57m2,10階／12階建,専用トイレ／	バス・トイレ別／	シャワー／	洗面台独立／	脱衣所,システムキッチン	／	給湯,インターネット対応,エアコン付	ウォークインクローゼット	シューズボックス／	バルコニー／	フローリング／	室内洗濯機置場／	敷地内ごみ置き場	／	エレベーター	公営水道／	下水／	都市ガス,駐輪場	空有	駐車場	無	バイク置き場	無,【スーパー】 405m,SRC（鉄骨鉄筋コンクリート）,2年間,260000,35825.421875
1521,1522,東京都足立区扇３丁目,日暮里・舎人ライナー	高野(東京都)駅	徒歩5分		日暮里・舎人ライナー	扇大橋駅	徒歩8分		日暮里・舎人ライナー	江北駅	徒歩11分,3K,56年8ヶ月,南,33m2,1階／2階建,専用トイレ／	バス・トイレ別／	シャワー／	追焚機能,給湯,,フローリング,,,木造,,122000,35500.046875
22,23,東京都中央区佃１丁目,有楽町線	月島駅	徒歩6分		京葉線(東京－蘇我)	越中島駅	徒歩11分		有楽町線	新富町(東京都)駅	徒歩22分,2LDK,30年4ヶ月,北西,81.2m2,10階／42階建,専用バス／	専用トイレ／	バス・トイレ別／	シャワー／	追焚機能／	浴室乾燥機	／	温水洗浄便座／	洗面台独立／	脱衣所,IHコンロ	／	コンロ3口／	システムキッチン	／	独立キッチン,インターネット対応／	光ファイバー／	CSアンテナ／	BSアンテナ,冷房／	エアコン付	シューズボックス／	バルコニー／	24時間換気システム	／	2面採光／	室内洗濯機置場／	敷地内ごみ置き場	／	エレベーター／	タイル張り	公営水道／	下水／	都市ガス,駐輪場	空有,,SRC（鉄骨鉄筋コンクリート）,,346000,35487.25
28522,28523,東京都品川区上大崎３丁目1‐30,山手線	目黒駅	徒歩2分		南北線	白金台駅	徒歩13分		山手線	五反田駅	徒歩13分,2LDK,2年1ヶ月,西,75.55m2,36階／38階建（地下2階）,専用バス／	専用トイレ／	バス・トイレ別／	シャワー／	追焚機能／	浴室乾燥機	／	温水洗浄便座／	洗面台独立／	脱衣所,ガスコンロ／	コンロ3口／	システムキッチン	／	カウンターキッチン,インターネット対応／	CATV,エアコン付／	床暖房	シューズボックス／	バルコニー／	フローリング／	24時間換気システム	／	室内洗濯機置場／	敷地内ごみ置き場	／	エレベーター	公営水道／	下水／	都市ガス,,【公園】 206m	【デパート】 222m	【コンビニ】 139m	【銀行】 139m	【公園】 253m,RC（鉄筋コンクリート）,2年間,630000,35209.0625
12244,12245,東京都墨田区千歳１丁目,都営新宿線	浜町駅	徒歩13分		都営新宿線	森下(東京都)駅	徒歩6分		総武線・中央線（各停）	両国駅	徒歩10分,3LDK,12年0ヶ月,南,74.74m2,10階／10階建,専用バス／	専用トイレ／	バス・トイレ別／	シャワー／	温水洗浄便座／	洗面台独立,ガスコンロ／	コンロ2口／	システムキッチン	／	カウンターキッチン	／	給湯,インターネット対応,エアコン付	シューズボックス／	バルコニー／	フローリング／	24時間換気システム	／	室内洗濯機置場／	敷地内ごみ置き場	／	タイル張り	公営水道／	下水／	都市ガス,"駐車場	近隣	40,000円(税込)	距離216m	駐輪場	無	バイク置き場	無",【スーパー】 817m	【スーパー】 948m	【スーパー】 1104m	【スーパー】 1984m,RC（鉄筋コンクリート）,2年間,252000,35184.59375
29944,29945,東京都練馬区豊玉中３丁目28-15,西武池袋線	練馬駅	徒歩15分		西武池袋線	桜台(東京都)駅	徒歩16分		西武新宿線	野方駅	徒歩15分,4LDK,13年11ヶ月,東,85.31m2,3階／4階建,専用バス／	専用トイレ／	バス・トイレ別／	シャワー／	追焚機能／	浴室乾燥機	／	温水洗浄便座／	洗面台独立／	脱衣所,IHコンロ	／	コンロ3口／	システムキッチン	／	カウンターキッチン	／	給湯／	独立キッチン,インターネット対応,エアコン付／	床暖房	ウォークインクローゼット	シューズボックス／	バルコニー／	フローリング／	24時間換気システム	／	3面採光／	室内洗濯機置場／	エレベーター／	タイル張り	公営水道／	下水／	都市ガス,"駐車場	近隣	30,240円(税込)	距離300m	駐輪場	無	バイク置き場	無",【スーパー】 401m	【スーパー】 635m	【コンビニ】 371m	【コンビニ】 307m,RC（鉄筋コンクリート）,2年間	※この物件は	定期借家	です。,248000,35133.75
24055,24056,東京都大田区東雪谷１丁目,東急池上線	洗足池駅	徒歩5分		東急池上線	石川台駅	徒歩8分		東急大井町線	北千束駅	徒歩18分,4LDK,10年4ヶ月,南東,84.34m2,2階建,専用バス／	専用トイレ／	バス・トイレ別／	シャワー／	追焚機能／	浴室乾燥機	／	温水洗浄便座／	洗面台独立,コンロ3口／	システムキッチン	／	給湯,光ファイバー,エアコン付／	床暖房	床下収納	シューズボックス／	フローリング／	室内洗濯機置場	公営水道／	下水／	都市ガス,,,木造,,350000,34938.5625
24553,24554,東京都港区浜松町１丁目,山手線	浜松町駅	徒歩5分		都営大江戸線	大門(東京都)駅	徒歩5分		都営三田線	御成門駅	徒歩8分,2LDK+S(納戸),0年6ヶ月,北,58.26m2,32階／37階建,バス・トイレ別／	シャワー／	追焚機能／	浴室乾燥機	／	温水洗浄便座／	洗面台独立,ガスコンロ／	コンロ3口／	システムキッチン	／	カウンターキッチン	／	給湯,光ファイバー,冷房／	エアコン付／	床暖房	ウォークインクローゼット	シューズボックス／	バルコニー／	フローリング／	24時間換気システム	／	室内洗濯機置場／	敷地内ごみ置き場	／	エレベーター／	タイル張り	水道その他／	下水／	都市ガス,駐車場	空有	駐輪場	空有	バイク置き場	空有,【小学校】 800m	【学校】 700m	【スーパー】 240m	【コンビニ】 230m	【ドラッグストア】 400m	【公園】 220m,SRC（鉄骨鉄筋コンクリート）,2年間,449000,34937.15625
24392,24393,東京都台東区谷中１丁目,千代田線	根津駅	徒歩5分		山手線	日暮里駅	徒歩12分		山手線	鶯谷駅	徒歩13分,2DK,28年3ヶ月,南,51.25m2,4階／7階建,専用バス／	専用トイレ／	バス・トイレ別／	シャワー／	追焚機能／	洗面台独立,ガスコンロ／	コンロ3口／	給湯,インターネット対応／	CATV,エアコン付	バルコニー／	フローリング／	室内洗濯機置場／	タイル張り	公営水道／	下水／	都市ガス,駐輪場	空有	駐車場	無	バイク置き場	無,【コンビニ】 126m	【スーパー】 475m,RC（鉄筋コンクリート）,,172600,34890.140625
14642,14643,東京都大田区東雪谷１丁目,東急池上線	洗足池駅	徒歩7分		東急池上線	石川台駅	徒歩7分		東急池上線	長原(東京都)駅	徒歩14分,4LDK,10年4ヶ月,西,84.34m2,2階建,バス・トイレ別／	シャワー／	追焚機能／	浴室乾燥機	／	温水洗浄便座／	洗面台独立,ガスコンロ／	コンロ3口／	システムキッチン	／	カウンターキッチン	／	給湯,光ファイバー,冷房／	エアコン付／	床暖房	床下収納	シューズボックス／	バルコニー／	フローリング／	室内洗濯機置場	水道その他／	下水／	都市ガス,駐車場	空有	駐輪場	空有	バイク置き場	空有,【小学校】 480m	【学校】 1130m	【コンビニ】 380m	【スーパー】 370m	【公園】 540m	【郵便局】 420m,木造,2年間,350000,34841.46875
20081,20082,東京都杉並区高円寺北３丁目,中央線（快速）	高円寺駅	徒歩6分		丸ノ内線(池袋－荻窪)	新高円寺駅	徒歩15分		中央線（快速）	阿佐ケ谷駅	徒歩18分,1LDK,38年4ヶ月,南,52.82m2,2階／3階建,専用バス／	バス・トイレ別／	シャワー／	追焚機能／	温水洗浄便座／	洗面台独立,ガスコンロ／	コンロ3口／	システムキッチン	／	カウンターキッチン	／	給湯,インターネット対応／	光ファイバー,エアコン付	シューズボックス／	バルコニー／	室内洗濯機置場	都市ガス,駐輪場	空有(2台)	0円	駐車場	無,【郵便局】 339m	【図書館】 1482m	【公園】 674m	【病院】 772m	【銀行】 384m	【スーパー】 468m	【コンビニ】 221m	【デパート】 2099m,RC（鉄筋コンクリート）,2年間,185000,34685.84375
12978,12979,東京都目黒区青葉台１丁目9-6,東急東横線	代官山駅	徒歩8分		東急東横線	中目黒駅	徒歩9分		山手線	渋谷駅	徒歩16分,1LDK,2年7ヶ月,東,46.25m2,2階／4階建,バス・トイレ別／	シャワー／	追焚機能／	温水洗浄便座,ガスコンロ／	給湯,インターネット対応／	CATV／	インターネット使用料無料,エアコン付／	床暖房	ウォークインクローゼット	バルコニー／	フローリング／	ペアガラス／	室内洗濯機置場／	敷地内ごみ置き場	／	エレベーター,"駐車場	空有	54,000円(税込)	駐輪場	無	バイク置き場	無",,RC（鉄筋コンクリート）,2年間,340000,34534.3125
24256,24257,東京都千代田区二番町,総武線・中央線（各停）	四ツ谷駅	徒歩4分		有楽町線	麹町駅	徒歩4分		都営新宿線	市ケ谷駅	徒歩8分,1LDK,7年6ヶ月,西,43.01m2,4階／6階建,専用バス／	専用トイレ／	バス・トイレ別／	シャワー／	追焚機能／	浴室乾燥機	／	温水洗浄便座／	洗面台独立／	脱衣所,ガスコンロ／	コンロ2口／	システムキッチン	／	カウンターキッチン	／	給湯,インターネット対応／	光ファイバー／	CATV／	CSアンテナ／	BSアンテナ,エアコン付	ウォークインクローゼット	シューズボックス／	バルコニー／	フローリング／	24時間換気システム	／	室内洗濯機置場／	敷地内ごみ置き場	／	エレベーター／	タイル張り	公営水道／	下水／	都市ガス,"駐輪場	空有	駐車場	近隣	48,300円(税込)	距離350m	バイク置き場	無",【スーパー】 490m	【スーパー】 721m	【コンビニ】 96m	【コンビニ】 326m	【公園】 337m,RC（鉄筋コンクリート）,2年間,240000,34426.53125
2061,2062,東京都豊島区池袋２丁目30-10,山手線	池袋駅	徒歩12分		有楽町線	要町駅	徒歩8分		西武池袋線	椎名町駅	徒歩20分,2LDK,38年7ヶ月,南西,80.8m2,2階／3階建,専用バス／	専用トイレ／	バス・トイレ別／	シャワー／	温水洗浄便座／	洗面台独立／	脱衣所,ガスコンロ／	コンロ2口／	システムキッチン	／	給湯,インターネット対応,エアコン付	シューズボックス／	バルコニー／	フローリング／	3面採光／	室内洗濯機置場／	タイル張り	公営水道／	下水／	都市ガス,"駐車場	空有	37,800円(税込)	駐輪場	空有	バイク置き場	空有",【スーパー】 337m	【スーパー】 327m	【コンビニ】 203m	【コンビニ】 286m	【病院】 236m,鉄骨造,2年間,250000,34424.09375
28630,28631,東京都品川区東五反田２丁目,山手線	五反田駅	徒歩6分		山手線	大崎駅	徒歩6分		都営浅草線五反田駅徒歩6分,2LDK,9年2ヶ月,東,77.08m2,14階／44階建（地下2階）,専用バス／	専用トイレ／	バス・トイレ別／	シャワー／	追焚機能／	浴室乾燥機	／	温水洗浄便座／	洗面台独立,ガスコンロ／	システムキッチン	／	給湯,CATV,エアコン付／	床暖房	トランクルーム	／	ウォークインクローゼット	シューズボックス／	バルコニー／	フローリング／	室内洗濯機置場／	エレベーター,"駐車場	空有	35,000円(税込)",,RC（鉄筋コンクリート）,3年間	※この物件は	定期借家	です。,380000,33909.5
20172,20173,東京都豊島区南池袋２丁目,山手線	池袋駅	徒歩5分		有楽町線	東池袋駅	徒歩3分		副都心線	雑司が谷駅	徒歩12分		副都心線：雑司が谷駅,2LDK,22年7ヶ月,南東,62.78m2,8階／12階建,専用バス／	専用トイレ／	バス・トイレ別／	シャワー／	追焚機能／	浴室乾燥機	／	温水洗浄便座／	洗面台独立／	脱衣所,ガスコンロ／	コンロ3口／	システムキッチン	／	給湯,光ファイバー／	CSアンテナ／	BSアンテナ,エアコン付	ウォークインクローゼット	シューズボックス／	バルコニー／	フローリング／	24時間換気システム	／	2面採光／	室内洗濯機置場／	エレベーター／	タイル張り	公営水道／	下水／	都市ガス,"駐輪場	空有	駐車場	近隣	30,000円	距離100m",【スーパー】 978m	【スーパー】 912m	【コンビニ】 456m	【コンビニ】 820m	【コンビニ】 817m,SRC（鉄骨鉄筋コンクリート）,4年間	※この物件は	定期借家	です。,248000,33710.4375
7742,7743,東京都港区赤坂６丁目5-38,千代田線	赤坂(東京都)駅	徒歩1分		南北線	六本木一丁目駅	徒歩10分		南北線	溜池山王駅	徒歩7分,1LDK,16年5ヶ月,南,41.19m2,3階／8階建（地下1階）,専用バス／	専用トイレ／	バス・トイレ別／	シャワー／	追焚機能／	浴室乾燥機	／	温水洗浄便座／	洗面台独立／	脱衣所,ガスコンロ／	コンロ3口／	システムキッチン	／	給湯,光ファイバー／	CATV,冷房／	エアコン付／	床暖房	ウォークインクローゼット	シューズボックス／	バルコニー／	フローリング／	24時間換気システム	／	2面採光／	室内洗濯機置場／	敷地内ごみ置き場	／	エレベーター／	タイル張り	公営水道／	下水／	都市ガス,,【図書館】 1490m	【公園】 51m	【コンビニ】 123m	【コンビニ】 240m	【コンビニ】 295m	【スーパー】 234m	【スーパー】 250m,RC（鉄筋コンクリート）,5年間	※この物件は	定期借家	です。,250000,33548.296875
7928,7929,東京都渋谷区広尾４丁目,日比谷線	広尾駅	徒歩6分,2LDK,35年2ヶ月,南,80.5m2,10階／12階建（地下1階）,専用バス／	専用トイレ／	バス・トイレ別／	シャワー／	温水洗浄便座／	洗面台独立,ガスコンロ／	システムキッチン,光ファイバー,エアコン付	バルコニー／	室内洗濯機置場／	エレベーター,,【学校】 477m	【コンビニ】 390m	【スーパー】 1m	【公園】 212m	【銀行】 1m,SRC（鉄骨鉄筋コンクリート）,,420000,33480.5625
8971,8972,東京都渋谷区代々木１丁目,山手線	代々木駅	徒歩2分		小田急小田原線	南新宿駅	徒歩4分		副都心線	北参道駅	徒歩7分		小田急線　参宮橋駅,2LDK,20年9ヶ月,南,52m2,3階／3階建,専用バス／	専用トイレ／	バス・トイレ別／	シャワー／	追焚機能／	洗面台独立／	脱衣所,ガスコンロ／	コンロ3口／	システムキッチン,,冷房／	エアコン付	出窓／	バルコニー／	フローリング／	2面採光／	3面採光／	室内洗濯機置場／	エレベーター／	タイル張り	公営水道／	下水／	都市ガス,,【小学校】 1457m	【飲食店】 1363m	【飲食店】 790m	【デパート】 781m	【スーパー】 1450m,RC（鉄筋コンクリート）,2年間,257000,33408.03125
15297,15298,東京都練馬区中村南１丁目30-3,西武新宿線	都立家政駅	徒歩7分		西武池袋線	中村橋駅	徒歩22分		西武新宿線	鷺ノ宮駅	徒歩11分,2LDK,32年5ヶ月,南,61.7m2,3階／3階建,専用バス／	専用トイレ／	バス・トイレ別／	シャワー／	洗面台独立,ガスコンロ／	コンロ2口／	給湯／	独立キッチン,インターネット対応／	CATV,エアコン付	シューズボックス／	バルコニー／	フローリング／	2面採光／	室内洗濯機置場／	敷地内ごみ置き場	／	タイル張り	公営水道／	下水／	都市ガス,"駐輪場	空有	駐車場	近隣	24,840円(税込)	距離200m	バイク置き場	無",【スーパー】 385m	【スーパー】 620m	【コンビニ】 293m	【コンビニ】 466m	【コンビニ】 879m,RC（鉄筋コンクリート）,2年間,155000,33306.859375
9941,9942,東京都練馬区石神井町３丁目,西武池袋線	石神井公園駅	徒歩3分		西武池袋線	練馬高野台駅	徒歩13分		西武新宿線	上井草駅	徒歩26分,2LDK,27年4ヶ月,南,61.1m2,2階／4階建,専用バス／	専用トイレ／	バス・トイレ別／	シャワー／	洗面台独立／	脱衣所,ガスコンロ／	コンロ3口／	システムキッチン	／	給湯,CATV／	BSアンテナ,エアコン付	シューズボックス／	バルコニー／	フローリング／	24時間換気システム	／	室内洗濯機置場／	敷地内ごみ置き場	／	エレベーター	公営水道／	下水／	都市ガス,駐輪場	空有	駐車場	無	バイク置き場	無,【スーパー】 239m	【スーパー】 453m	【スーパー】 535m	【コンビニ】 411m,RC（鉄筋コンクリート）,,168000,33290.5625
2997,2998,東京都練馬区石神井町３丁目,西武池袋線	石神井公園駅	徒歩3分		西武池袋線	練馬高野台駅	徒歩13分		西武新宿線	上井草駅	徒歩26分,2LDK,27年4ヶ月,南,61.1m2,2階／4階建,バス・トイレ別／	シャワー／	洗面台独立／	脱衣所,コンロ3口／	システムキッチン	／	給湯,インターネット対応／	光ファイバー／	CATV／	BSアンテナ,エアコン付	シューズボックス／	バルコニー／	フローリング／	室内洗濯機置場／	エレベーター	公営水道／	下水／	都市ガス,"駐輪場	空有	駐車場	近隣	25,000円	距離100m",【コンビニ】 134m	【スーパー】 118m	【スーパー】 314m	【ドラッグストア】 282m	【幼稚園・保育園】 122m	【病院】 676m	【郵便局】 386m	【公園】 432m,RC（鉄筋コンクリート）,2年間,168000,33278.484375
